plate,numinSet,sample,pop,individual,Run,fullnum,ICP.run,WR.run,WR.plate,ICP.plate,ICP.runnum,run.date,SampleWeight,B11,Na23,Mg26,Al27,P31,S34,K39,Ca44,Fe54,Mn55,Co59,Ni60,Cu63,Zn66,As75,Se78,Rb85,Sr88,Mo98,Cd111
NA,163,AO-F-1-1,1,1,182,1790,6,6,NA,NA,182,01:31:41 Thu 05-May-16,101.8,47.4953494956,123.9395996588,1726.7407955721,22.6441614542,3846.8097158452,958.1510497619,28602.1520642955,2578.2659549964,59.1333762722,28.5423024845,0.0350664401,0.245784243,4.7681544003,23.3913511124,0.0056111069,-0.0792078972,51.2552751718,13.5455752855,1.0263031329,0.0713871023
NA,175,AO-F-1-3,1,3,194,1802,6,6,NA,NA,194,02:16:44 Thu 05-May-16,184,19.8747463275,41.5337913715,1387.6211300436,23.8439687444,3387.015279095,799.6887432728,31176.8188677362,2992.6960769067,35.3982582914,15.2666850291,0.0194334014,0.3225517309,4.1280724409,24.527411799,0.0058762944,-0.0581123613,44.1700523042,14.9038542601,0.4512129718,0.0195978853
NA,169,AO-F-1-4,1,4,200,1808,6,6,NA,NA,200,02:39:13 Thu 05-May-16,110.5,23.2387338512,28.145864279,1519.1920834208,25.347548932,2784.7232236244,940.9582905121,23295.8563880187,1750.8937882381,66.3470978151,32.2214511611,0.0583525922,0.2143345738,6.077243134,25.1548268837,0.0033705166,-0.1600679332,38.9056645039,12.5178400035,0.218247397,0.0269649593
NA,188,AO-F-1-5,1,5,206,1814,6,6,NA,NA,206,03:01:46 Thu 05-May-16,102.3,36.0619211789,33.8893575394,1552.0797297172,37.6902482637,2936.2355271005,752.9444688065,30124.0921588571,2198.7604813332,82.7370049261,39.0426584244,0.041563922,0.2096000031,6.2804546647,22.382907341,0.0062452999,-0.8049791274,46.0091397838,20.0777110552,0.5761817326,0.0214798197
NA,171,AO-F-1-6,1,6,198,1806,6,6,NA,NA,198,02:31:43 Thu 05-May-16,101.1,37.1022629155,31.1708918054,2385.8756931172,25.2038282388,4196.8970403716,959.6191378374,29557.2179547511,1782.9629972052,53.6443351541,35.3948082154,0.0275802025,0.1219974008,4.3546691025,15.8393087001,0.0048578652,0.2916541148,30.5424957644,21.6034067573,0.3750858889,0.0271953799
NA,164,AO-F-1-7,1,7,183,1791,6,6,NA,NA,183,01:35:25 Thu 05-May-16,109.7,25.0456825038,11.8915237675,2137.1240532682,47.3291885331,3925.4507134644,836.4071447561,24601.8082152295,1799.4352350205,77.6862638376,38.5525044864,0.0394356913,0.2023210805,6.6285999677,17.444975866,0.0044496304,-0.15953494,24.046717046,15.7480054454,0.2511810705,0.0316349174
NA,172,AO-F-1-8,1,8,197,1805,6,6,NA,NA,197,02:27:58 Thu 05-May-16,183.7,13.6441894685,9.9100045139,1347.8564089809,16.0275027313,2403.5749285669,688.7771932335,25693.272640849,1721.2854012107,33.4339678383,27.7108803789,0.0147520645,0.1023569229,3.7117866504,14.8149829981,0.0043150661,-0.3265927233,43.2415716859,15.6965398827,0.2280898572,0.0123858498
NA,177,AO-F-1-9,1,9,192,1800,6,6,NA,NA,192,02:09:14 Thu 05-May-16,103.1,22.1503163482,56.7174049244,2240.1966820675,58.561793889,4554.4039761796,457.0341174655,41643.2992367982,2636.2388444501,86.4492052392,36.6603666879,0.0601872644,1.0865923038,8.3062481998,52.7272075719,0.007381503,0.0702133509,68.1119763858,24.6735070865,0.1189825241,0.0449155638
NA,190,AO-F-1-10,1,10,204,1812,6,6,NA,NA,204,02:54:17 Thu 05-May-16,104.9,17.9496106618,31.0854770608,2061.5117451675,23.4988845109,3125.259522653,1113.0511023009,29891.4214758195,2176.4983676242,66.2936599889,36.7045060388,0.0324033233,0.2158092669,7.1488055289,32.1955516217,0.0063267188,0.3041215421,56.4682479572,24.2237394417,0.2463168538,0.0347454591
NA,195,AO-F-1-11,1,11,217,1825,6,6,NA,NA,217,03:43:03 Thu 05-May-16,154.4,23.1348448292,32.0031693467,3820.5141657134,33.5171756349,3845.3937504125,656.9843360108,28017.7785045188,4450.9393666309,59.7205832594,17.8863627535,0.0241525775,0.1979488484,4.4724895369,14.516152253,0.0119381995,0.2121496431,29.9591317439,43.5380421009,0.456062955,0.0378861343
NA,165,AO-F-1-12,1,12,184,1792,6,6,NA,NA,184,01:39:10 Thu 05-May-16,107.1,13.0379385859,19.0633159747,2458.9556762948,30.9273370245,4668.5295095152,687.4658090944,32282.9717237906,1842.1606296597,56.5596066279,30.1490316362,0.026060559,0.2153921836,4.2587897364,21.29262425,0.0040843818,-0.0702634198,67.5320617812,20.5185000564,0.1398311037,0.0633118104
NA,154,AO-F-1-13,1,13,164,1772,6,6,NA,NA,164,00:24:08 Thu 05-May-16,125.5,8.6923782734,15.2852902626,2342.2200059436,85.4053109875,4745.4863793772,819.5544159553,41624.2861221385,1646.1439144625,106.3452315726,34.5336781129,0.0781231884,0.4122265804,7.1297785968,28.9579629931,0.0031701879,0.0995110773,76.6988167091,18.7646899369,0.1551896659,0.0608170806
NA,149,AO-F-1-14,1,14,169,1777,6,6,NA,NA,169,00:42:52 Thu 05-May-16,168,20.5614720438,13.5350457711,2098.999879483,51.194129334,3471.4250928206,1363.6964145262,35235.9397843382,2277.2678791636,67.1934119521,35.9342845528,0.0510634381,0.3455124588,8.2304816484,29.6331264119,0.0110142008,-0.0216908328,63.5890467572,23.1639028513,0.1209108622,0.0322288699
NA,143,AO-F-1-15,1,15,159,1767,6,6,NA,NA,159,00:05:20 Thu 05-May-16,115.9,18.7308790346,21.2191124473,1756.8959451195,36.9817577857,4291.1260927007,1057.5037831615,40860.965223121,1539.3603847266,73.2058637188,26.2188882566,0.0269673213,0.3089668683,6.8694571173,29.4104017519,0.0054035167,0.1718350335,74.4933765011,16.9438444827,0.2484482736,0.0464692606
NA,159,AO-F-1-16,1,16,177,1785,6,6,NA,NA,177,01:12:54 Thu 05-May-16,108.8,22.8105342971,12.5559211714,1971.3083736143,23.3071053942,3860.0741813447,1455.5272404138,33118.5750527656,2286.2200148169,83.6724781067,27.4968579626,0.0269798462,0.3619143968,7.6006915837,33.7116812575,0.0030094146,0.8026459618,55.3441425613,21.8420206257,0.1876844102,0.039740954
NA,161,AO-F-1-17,1,17,179,1787,6,6,NA,NA,179,01:20:24 Thu 05-May-16,107.2,11.264390579,25.8699553653,1909.113817891,117.9663122615,4629.8828113917,577.7404414179,29881.4557080882,1862.5732550998,106.8999139292,32.5761437769,0.092391106,0.5239091132,5.3694612582,27.0125285063,0.0056514488,-0.0816515761,48.001547184,20.537261704,0.1513344946,0.0500287781
NA,193,AO-F-1-18,1,18,215,1823,6,6,NA,NA,215,03:35:32 Thu 05-May-16,96,34.1414497267,31.8914142655,2161.0794861152,69.1465532605,3657.1082928783,546.8736338976,31663.2610341687,2054.0045696705,89.3238782614,26.5730117471,0.0491171197,0.7244502683,5.8832937839,19.9593263677,0.0052355207,-0.0135115788,56.9274551886,23.0778797258,0.283013075,0.0193464556
NA,141,AO-F-1-19,1,19,157,1765,6,6,NA,NA,157,23:57:50 Wed 04-May-16,171.4,22.668043583,14.7248522293,1894.1125347488,16.1127884066,3585.8966216995,1116.5139854936,25317.7370717784,1613.2535722656,38.1069310595,33.213159173,0.017113743,0.1757216479,4.302097157,22.8088108664,0.0022002691,-0.0145024267,61.3181354661,14.9397579703,0.1867499804,0.0684697847
NA,147,AO-F-1-20,1,20,172,1780,6,6,NA,NA,172,00:54:10 Thu 05-May-16,123,24.3595474662,6.0129238224,1448.0521374894,23.3304051949,3941.0031578641,833.0352154843,30315.5108149994,1508.8418881767,47.0383780424,29.9619397129,0.0179088699,0.1256333508,4.1487068958,21.7642069139,0.0097337527,0.0121091223,65.1889813026,18.9309103281,0.1677496901,0.0329654585
NA,180,AO-F-1-20,1,20,188,1796,6,6,NA,NA,188,01:54:10 Thu 05-May-16,182.3,18.442210261,37.5744351023,1200.1845868976,24.3759593942,3197.4252205274,1051.5866966413,25977.6476006527,1754.3694228157,53.5195343367,17.172994374,0.0214848467,0.3430750375,4.8679535059,26.2299510868,0.0055504983,0.032533176,46.9218404817,7.3880186746,0.8011079621,0.0175071524
NA,18,AO-F-2-1,2,1,20,2273,8,8,NA,NA,20,18:09:11 Mon 09-May-16,160.5,20.949945256,24.2989854845,2667.4900548281,45.4462008694,5006.5962518062,1067.3906646612,40861.2698945717,4377.3991389083,68.3597298837,31.12823678,0.0719321085,0.2376182368,4.3524841674,77.3000469613,0.0677571962,-0.1411106502,20.9448630538,56.9291581682,1.8483615207,0.0849397378
NA,20,AO-F-2-2,2,2,23,2276,8,8,NA,NA,23,18:20:28 Mon 09-May-16,29,23.5767936174,196.879247874,1998.8441049471,79.8519976339,4414.7160079532,-3815.4652354984,61779.8353689671,3821.6114861427,141.808541887,34.4879591914,0.0990339042,0.6762652577,12.0609255044,38.5808836701,0.1361594661,0.5762805538,76.1544318142,63.7301408822,1.1698399371,0.2933494311
NA,19,AO-F-2-3,2,3,22,2275,8,8,NA,NA,22,18:16:43 Mon 09-May-16,57.3,21.8269535085,55.7491275291,1657.6818166132,61.8064558192,3152.0217379427,-922.3975261685,35430.9564835519,6422.9075204919,104.0672727438,26.8808834392,0.0560544902,0.4027617044,8.7766852924,25.8609608593,0.2836673662,-0.0199283461,32.9732638925,101.7981878585,0.8579494511,0.1346213327
NA,21,AO-F-2-4,2,4,24,2277,8,8,NA,NA,24,18:24:13 Mon 09-May-16,26.6,27.2260055168,98.4538339849,1801.0551319659,251.6834952995,2287.1878252195,-4078.1080020849,28478.0265375296,6234.8234925816,292.7345964905,50.8087772419,0.1725954588,0.604765453,8.4323060214,26.159886108,0.3365482236,0.9816877875,32.8959773857,89.4936363144,1.7723762143,0.1396287155
NA,33,AO-F-2-5,2,5,32,2285,8,8,NA,NA,32,18:54:14 Mon 09-May-16,77.8,27.0364530737,43.5580209216,1702.6803313368,60.8447080323,2108.9420520309,-842.3531721744,40929.9720274624,4128.3299955263,88.0099077877,35.5757202411,0.0556145057,0.3295312297,6.4452575486,22.5824438886,0.013696658,0.0708478273,29.7918874112,65.6798410115,0.5497033667,0.1040155015
NA,23,AO-F-2-6,2,6,26,2279,8,8,NA,NA,26,18:31:43 Mon 09-May-16,172.5,35.2306346292,74.7892297347,1550.828401525,126.8147065873,2485.6757391923,850.7454753934,42580.3326056877,3919.0680311217,167.3451256707,26.913708439,0.0911966685,0.4327370765,9.6763765605,19.8162352681,0.0257647927,0.2446274133,65.7722874119,57.2343565536,0.2062849811,0.1855998121
NA,26,AO-F-2-7,2,7,39,2292,8,8,NA,NA,39,19:20:30 Mon 09-May-16,185.8,33.61520208,41.6534165909,1663.7567177846,113.0523853536,3504.0302647537,1292.0933834922,47703.8635909669,3730.4991017146,157.6799327163,33.2331862809,0.079974607,0.3295245285,10.1399563927,34.9142626515,0.0527852283,0.1118723787,99.2046388048,42.8471900381,0.2294956323,0.1934464073
NA,25,AO-F-2-8,2,8,40,2293,8,8,NA,NA,40,19:24:15 Mon 09-May-16,89.9,23.623500686,48.135477475,1608.4226645165,143.4480276975,2944.6965773734,-112.6968933576,49368.0250325012,3504.3733915347,183.1183636903,33.5587571271,0.0845192313,0.5472013764,8.9699070277,23.9874871008,0.0409105197,-0.031010357,82.5290977435,40.3029745476,0.1205890005,0.1667472676
NA,17,AO-F-2-9,2,9,19,2272,8,8,NA,NA,19,18:05:26 Mon 09-May-16,101.4,16.914684078,49.9245999918,2333.7309090836,32.1096836716,2755.6567294723,1282.8525386594,48831.0803223394,8112.3103392691,118.8456974827,41.4980709533,0.0317436878,0.1876020382,11.5734238131,38.1849883386,0.095631868,0.0869310522,58.9499442444,108.5462511767,0.6383911323,0.2434966589
NA,24,AO-F-2-10,2,10,27,2280,8,8,NA,NA,27,18:35:28 Mon 09-May-16,106.4,25.2889854192,27.9975935424,1438.8934748827,71.0802228178,2458.0310165329,370.1170589831,47674.8094366479,3624.9746423582,124.7677333873,21.766892078,0.049217311,0.3853873787,7.0291503121,31.6344052315,0.0118471688,0.4125720355,96.2848859107,55.7537081639,0.1090368925,0.1331100274
NA,41,AO-F-2-11,2,11,46,2299,8,8,NA,NA,46,19:46:46 Mon 09-May-16,103,25.2659151589,33.0834066547,1237.4868912183,145.2634972085,2165.4167215974,101.8759342953,51540.8379069526,3876.5600149288,207.1965453208,19.6049386811,0.0978317193,0.5261901617,7.294740299,29.9871794858,0.0748761757,-0.0339474953,93.9854623244,53.0854492415,0.1682975337,0.2510224117
NA,38,AO-F-2-12,2,12,43,2296,8,8,NA,NA,43,19:35:31 Mon 09-May-16,81.2,20.3826161194,23.1964384923,1170.6610092754,29.8231611359,2858.1561570568,-744.6318443093,33571.5098013073,2739.8828405375,53.4365981983,18.0087362676,0.0275921496,0.144195814,4.2619126355,16.2863212382,0.0765185817,0.0151942989,39.6570564495,32.5434334692,0.2342353618,0.0211386711
NA,40,AO-F-2-13,2,13,45,2298,8,8,NA,NA,45,19:43:01 Mon 09-May-16,46.9,20.9659724096,12.1039382162,1805.8252796865,41.5823111054,2834.2646554247,-1453.2917494327,34094.9953700368,4172.5340554101,79.0405340961,9.4966465638,0.0411276959,0.1852430011,5.3892466291,17.6541742603,0.1527078346,0.1407235297,38.8767727589,52.3050449443,0.2772432902,0.0355510474
NA,39,AO-F-2-14,2,14,44,2297,8,8,NA,NA,44,19:39:16 Mon 09-May-16,74.7,13.0095031001,12.442157687,2450.4904635444,45.3596335503,3124.1317946202,-427.2837331662,24137.77803261,3524.4814254409,68.7576357928,21.6562852762,0.0380773421,0.1820144975,3.9069722317,17.7231516645,0.0670334935,0.0423595772,15.763633728,34.4002522119,1.8679823651,0.0868160695
NA,42,AO-F-2-15,2,15,47,2300,8,8,NA,NA,47,19:50:31 Mon 09-May-16,33,12.4609560551,41.1697531745,1345.9903205287,60.1113544016,2623.6988654378,-4255.3307830727,24521.8968708241,2023.0801494503,87.0283558669,19.6089263605,0.0618641286,0.2840156853,2.9699094697,30.3409879916,0.0501169681,-0.0900788183,23.8665986427,20.18161964,1.0910661387,0.0510908035
NA,51,AO-F-2-16,2,16,65,2318,8,8,NA,NA,65,20:58:07 Mon 09-May-16,63.7,35.4098125737,61.4765954151,2437.3751744971,64.8596921225,2458.8919245385,-1146.7434532712,31838.631109533,3284.2020736688,100.8345246593,22.3013923388,0.0449605193,0.2974106859,4.4887201493,17.3853030111,0.0157816626,0.2844405467,19.6779601093,39.9013506194,1.5878563173,0.0460467634
NA,53,AO-F-2-17,2,17,63,2316,8,8,NA,NA,63,20:50:37 Mon 09-May-16,73.6,26.2764177604,26.2820619063,1888.4390013437,39.3117131731,2700.3558928862,-77.0241002603,30991.0446396283,3051.6497953856,82.8813845463,23.6867940063,0.0345176585,0.1613988582,4.590612264,24.3059618232,0.0135037332,0.1296687655,22.4478318029,33.2516583613,0.668753913,0.0259988395
NA,54,AO-F-2-18,2,18,62,2315,8,8,NA,NA,62,20:46:52 Mon 09-May-16,42,21.9307197654,30.0897452246,3733.8555361529,75.6861699473,5099.2723881168,-2924.862523999,34212.0492428931,6170.0208456041,102.4211739237,25.2077328836,0.0646290742,0.2977195933,4.1014135592,17.3794847525,0.0266854357,0.227170995,28.5072009321,85.7317927195,2.1260580766,0.0378864669
NA,50,AO-F-2-19,2,19,66,2319,8,8,NA,NA,66,21:01:52 Mon 09-May-16,180,41.3234698846,40.2043769474,1523.8194312049,289.7775708213,4690.8202555453,8.7749328213,34594.5890021302,4130.685614547,284.897732942,24.9914505766,0.1844717985,0.5459355344,6.6279807369,31.032349935,0.0153233122,0.0746203696,31.7173781803,49.593501817,0.6103788889,0.0605582238
NA,27,AO-F-2-20,2,20,38,2291,8,8,NA,NA,38,19:16:45 Mon 09-May-16,76.3,19.3446343695,46.0053421645,1889.5972683776,165.7842831074,3600.1823555474,-506.8935166632,32954.4135427489,4535.6883558721,164.9555664259,30.0719102468,0.115809926,0.4097429348,4.4128930298,20.1802896103,0.0358287188,-0.1507318747,28.8415126626,62.5321133115,0.6332624669,0.1689094664
NA,133,AO-F-3-1,3,1,153,2727,9,9,NA,NA,153,21:57:34 Wed 11-May-16,114.7,51.2383053964,109.3072596396,2313.0846445063,20.5704617273,1017.2549906247,873.7263151803,10969.1058183095,7934.0496231105,65.3714510934,89.3120526478,0.0267445823,0.1694244325,4.4357376376,5.2345333201,0.195253164,0.4652369966,4.0591990743,49.8051074511,1.3668820521,0.0113934746
NA,111,AO-F-3-2,3,2,129,2703,9,9,NA,NA,129,20:27:28 Wed 11-May-16,107.1,34.6685565261,197.0850409437,1184.7937004889,12.0865334548,245.7936901205,92.518397815,8861.7380503257,3574.4964072029,38.4994019352,39.6662410237,0.0489452791,0.248278116,3.2287485648,6.1141800866,0.0922623672,0.1636013686,5.7214692064,21.1472854477,1.2731164368,0.0172301432
NA,72,AO-F-3-3,3,3,80,2333,8,8,NA,NA,80,21:54:24 Mon 09-May-16,106.2,24.6386633769,25.3491609115,1003.388506305,20.80891084,3941.098218162,298.0637448231,29387.5641207183,2396.2143871598,68.2730496714,13.9974815289,0.0172767802,0.120591792,4.7847416567,20.286644431,0.0037285925,0.121303239,60.3518909287,17.8510501128,0.8273616428,0.0265251372
NA,68,AO-F-3-4,3,4,76,2329,8,8,NA,NA,76,21:39:24 Mon 09-May-16,124.5,14.1890529238,13.3542864757,680.3634952032,54.776502518,1894.9624010066,-468.1314912418,26782.1926322314,1267.9637862413,76.8802850779,10.0917023543,0.0337738117,0.2040485075,3.4648320109,14.5214914847,0.0032224924,0.0121178163,37.7891267721,13.12848908,0.4188400608,0.0243867786
NA,64,AO-F-3-5,3,5,72,2325,8,8,NA,NA,72,21:24:24 Mon 09-May-16,138.3,9.9776010085,7.8128458687,938.7231073427,29.8824871486,3012.5556265024,-20.1687633061,24068.05918081,1840.7779476457,47.2915009543,6.087923765,0.0180600137,0.1141299042,3.113357939,13.8876340815,0.0024751188,-0.093665121,43.0108915853,17.3898318901,0.4875706149,0.0265679528
NA,57,AO-F-3-6,3,6,58,2311,8,8,NA,NA,58,20:31:50 Mon 09-May-16,96,21.2832308698,28.8573465662,980.2019847879,71.6955507356,2407.6356836688,-590.5002130853,23863.8003396375,1823.7365919337,67.3076935313,12.3501714222,0.0327290624,0.3636495361,4.7217944984,15.1680839734,0.0062517734,3.3993512177,47.3907930116,13.451811099,0.3272979615,0.0098484806
NA,75,AO-F-3-7,3,7,92,2345,8,8,NA,NA,92,22:39:29 Mon 09-May-16,118.4,24.7382326845,38.6417730638,1493.8315848508,58.7140785631,4213.3525039125,195.8641185208,36184.8163057394,1490.3955069771,68.9227512196,28.0555689887,0.035635329,0.6055419713,4.6616134197,28.1699314915,0.016507356,-0.0743446783,59.8688567546,15.3170396294,0.285201515,0.0529568038
NA,137,AO-F-3-8,3,8,158,2732,9,9,NA,NA,158,22:16:23 Wed 11-May-16,118.7,60.4516688182,145.7765629935,2456.9731744092,17.8172198688,717.9240780889,1047.3226303587,8516.4142076382,9913.7589886105,70.8510845256,92.4730664293,0.0528321228,0.2154544982,5.2869254091,12.8083989821,0.1677991463,0.9527216622,2.696941524,67.3008050504,2.1454700502,0.0162126947
NA,114,AO-F-3-9,3,9,132,2706,9,9,NA,NA,132,20:38:43 Wed 11-May-16,94.7,21.5348247274,50.6863459378,698.5932395957,8.2189494847,222.492459579,139.0402951123,5564.594506065,2100.1782458878,29.9790848693,25.6072797852,0.014416867,0.2297340996,2.9946351189,8.5609921161,0.0486208582,0.0589154981,4.7613573711,13.4159127692,1.1913873393,0.011426156
NA,176,AO-F-3-10,3,10,198,2772,9,9,NA,NA,198,00:46:37 Thu 12-May-16,120.8,64.8760777063,118.4976483832,1655.0325124612,18.3175560214,705.3267214222,924.1232575224,14019.4922310114,5780.3847387583,61.2842304491,51.0918366502,0.0379293589,0.2225956147,4.644065401,10.0855595991,0.2145106926,0.1527165187,5.9675217316,36.4313727934,1.4693158692,0.1583894886
NA,84,AO-F-3-11,3,11,82,2335,8,8,NA,NA,82,22:01:56 Mon 09-May-16,118.4,1.4952599605,19.3160394182,981.2135948218,59.3421545743,2658.9617533171,-561.7260978105,37046.8760640674,1859.2392980487,78.5291012542,15.4167455803,0.0622206722,0.2601487236,2.7391637782,13.9186111291,0.0035822492,-0.1373311125,43.4644971993,18.8864123718,0.4048986436,0.0529293108
NA,81,AO-F-3-12,3,12,85,2338,8,8,NA,NA,85,22:13:11 Mon 09-May-16,115,22.9113850262,20.759144776,1360.2561655696,19.9067140427,3589.7746786424,288.6234403849,31897.8262351638,2627.7242290671,51.0350174258,27.4516017002,0.0237529538,0.3030930017,4.7981086258,43.8671108684,0.0028040576,-7.4215897858,42.8519306283,20.4973213979,0.4133677897,0.0266793389
NA,77,AO-F-3-13,3,13,89,2342,8,8,NA,NA,89,22:28:11 Mon 09-May-16,118.6,34.508290661,37.1121971254,878.7224853519,34.4822133873,2923.0970567633,430.2755146113,32391.6680550462,2345.6703200045,63.3143959158,22.1294001176,0.0244574857,0.2249459386,5.4714677495,22.2598881834,0.0108172248,0.1281347033,42.765516139,17.4429416727,0.6420416799,0.0603864928
NA,139,AO-F-3-14,3,14,160,2734,9,9,NA,NA,160,22:23:53 Wed 11-May-16,109.6,46.7079306459,125.5551374248,2438.1845472878,16.005124004,787.0183568359,1171.131556637,9750.0226497963,11540.8303184541,66.3522029096,79.02409214,0.0400292397,0.2764109586,8.3548677684,7.5334918278,0.1546145528,0.8217367738,3.9213881072,84.9026076037,2.5174480806,0.0111683976
NA,74,AO-F-3-15,3,15,93,2346,8,8,NA,NA,93,22:43:14 Mon 09-May-16,111.7,32.4605423287,31.6176306174,983.7263779199,21.5876287288,3407.9012721921,224.1812849802,33228.4439163237,1423.5138954593,57.4139493497,31.9187769604,0.0173530875,0.3568827308,4.2815356282,23.8203790275,0.0112916951,0.173696263,79.8249817624,8.8966844762,0.4444545958,0.1683619577
NA,56,AO-F-3-16,3,16,59,2312,8,8,NA,NA,59,20:35:35 Mon 09-May-16,168.8,35.8070308915,83.2977164362,1633.8933925157,64.7883518659,3383.3798515589,456.0835181147,38077.7346532789,2097.1670750545,80.1294338194,18.724946575,0.0462347122,0.7902980769,5.1523661596,23.452974954,0.0200278743,0.0100018756,47.1723703967,16.1542624379,0.3045542579,0.0316881339
NA,48,AO-F-3-17,3,17,54,2307,8,8,NA,NA,54,20:16:50 Mon 09-May-16,116.2,12.0749988678,97.8721960023,959.5935546382,89.3586265634,3231.8065131002,-636.7186335003,34756.8544301942,1991.4697748996,116.7908299563,17.1808485178,0.0875549007,1.0006981564,5.742991464,20.5904534365,0.0309627495,0.0167602576,40.7011147357,14.4356189545,0.4756227321,0.0369335863
NA,49,AO-F-3-18,3,18,67,2320,8,8,NA,NA,67,21:05:37 Mon 09-May-16,102.5,23.8515967689,28.4496917032,1741.5468113932,41.771924129,4303.3555006848,-166.8126971207,33575.0339399594,2557.095546102,97.6714219735,38.0187637088,0.0377461521,0.6755229225,5.6556852905,23.0483409445,0.0024621726,-0.1479536061,33.5617111296,25.6760065715,0.864372689,0.0708364549
NA,55,AO-F-3-19,3,19,60,2313,8,8,NA,NA,60,20:39:20 Mon 09-May-16,167.6,33.5612932082,21.3038794002,1553.0576826064,41.4757286747,3974.4450944667,1051.3470632641,33452.9628404262,2014.7661550644,66.1251940696,25.4028665606,0.0325810758,0.5167645171,5.3124113756,17.6024876614,0.0098842202,-0.117259711,30.0810366933,18.088363738,0.596874534,0.0134800812
NA,52,AO-F-3-20,3,20,64,2317,8,8,NA,NA,64,20:54:22 Mon 09-May-16,113.8,52.0348252979,22.2169491293,818.2607704789,30.592228109,2700.9193453534,-120.6566371281,32306.4462028952,1000.0148667399,53.1175964669,8.1716420333,0.0258651939,0.4358319434,3.7498785244,17.6615082834,0.0078492298,1.830643439,32.4814790804,4.8888654666,0.2214235417,0.0099857464
NA,56,AO-F-4-1,4,1,59,1667,6,6,NA,NA,59,17:49:59 Wed 04-May-16,139.5,21.7276087875,43.6018648809,1740.3586979653,147.653591356,3402.4110784151,864.3269533316,24984.5574367351,1490.6181964124,112.7484900032,14.8138055812,0.1200353668,0.8001596209,4.0853660785,18.0563023396,-0.4383124107,-0.0788714233,43.9274027239,15.9431300672,0.194346209,0.0483996055
NA,39,AO-F-4-2,4,2,44,1652,6,6,NA,NA,44,16:53:43 Wed 04-May-16,175.4,17.6121852356,115.5222890776,1043.0884469397,44.6633769469,2467.0253090137,617.9888878246,22216.5801174709,1525.1669036614,59.1484611622,20.4197422033,0.0442217052,1.432353514,6.0638758912,24.6399807872,0.0175406138,-0.0848641138,41.8126866443,14.0196513169,0.1103088664,0.0395882019
NA,58,AO-F-4-3,4,3,57,1665,6,6,NA,NA,57,17:42:30 Wed 04-May-16,73,27.6754038191,52.6523081555,1106.3673746374,61.5043580358,2449.8732410312,365.6476141225,23389.5571478024,1514.3087972719,74.2783526726,25.707008161,0.0557849261,0.6752166884,5.2232030623,21.8351517669,0.0746147105,-0.1152023898,53.4628575796,10.7909099983,0.0655970522,0.0556397826
NA,43,AO-F-4-4,4,4,48,1656,6,6,NA,NA,48,17:08:42 Wed 04-May-16,134.8,20.5152804819,157.1163922538,1092.6767084707,73.6645077882,2601.9840026691,936.3984743611,27758.6634645206,1138.9167362503,73.9788201995,13.0491927699,0.05778087,0.9100517518,4.9178585966,15.8508302617,0.0182648131,0.089953423,70.4403971158,7.8129619388,0.1584454979,0.0913749906
NA,42,AO-F-4-5,4,5,47,1655,6,6,NA,NA,47,17:04:58 Wed 04-May-16,168,21.9547978101,66.8641847648,1214.5302318509,99.1733123012,3495.7096212102,786.8468406296,25181.885175046,1721.6209012407,91.4729787462,20.5408505965,0.0879526266,1.3201660105,6.8020068222,19.6746832142,0.0178392027,-1.4950108558,48.9589475909,14.367512165,0.2937571966,0.1388725881
NA,45,AO-F-4-6,4,6,50,1658,6,6,NA,NA,50,17:16:12 Wed 04-May-16,74.2,27.2185478488,453.175830192,1400.6568699218,140.1495122317,2973.4894935815,458.1467919864,22125.1590923775,1805.3993075252,158.3377557483,27.3680082486,0.1085806528,5.2612129641,11.5315878368,27.9595124123,0.0167680294,0.1354707796,39.2636706861,13.5020264806,0.3424481787,0.0465055844
NA,44,AO-F-4-7,4,7,49,1657,6,6,NA,NA,49,17:12:27 Wed 04-May-16,127.7,15.9868081058,50.5182046342,1103.6167168545,57.7285549984,2428.7923307273,584.5288723118,24381.8589033039,1533.5674846725,74.2607462234,26.6552880466,0.0510222039,0.6850778185,5.5330885021,18.4782861123,0.016484087,0.0906871321,37.1292183949,11.6115171136,0.1505940485,0.0577457734
NA,47,AO-F-4-8,4,8,53,1661,6,6,NA,NA,53,17:27:30 Wed 04-May-16,136,29.7974621022,87.2582443416,2011.6773254032,42.7944498832,3780.8520314285,1184.1735796199,26947.4237528742,2423.7800646488,75.3758420677,29.3526702396,0.0451085847,1.468925678,8.4283200572,26.326124371,0.0136412625,0.5286624667,39.6208511524,19.9336262343,0.4884256086,0.0657359251
NA,48,AO-F-4-9,4,9,54,1662,6,6,NA,NA,54,17:31:15 Wed 04-May-16,76.6,25.3695109797,60.8669970406,1623.6172084591,40.6287628182,2608.4936604283,522.0925249053,26377.4200722371,1732.7668397488,67.2590469805,27.0753354005,0.0374841608,0.5906607538,4.4830692502,15.9517105268,0.0164451988,-0.7597583541,48.2022438773,11.9179768426,0.1361334564,0.044911544
NA,57,AO-F-4-10,4,10,58,1666,6,6,NA,NA,58,17:46:15 Wed 04-May-16,125.6,20.9897605211,31.3358001675,1633.6020556373,47.3315293032,3225.5631136311,646.8625246826,23293.4501025557,1881.9553360806,63.4145684055,23.2679892519,0.0435767435,0.6401630113,6.2719263791,20.8199131894,0.1115098731,-0.0163863386,46.2306519173,16.6684440431,0.2350236052,0.138336349
NA,52,AO-F-4-11,4,11,64,1672,6,6,NA,NA,64,18:08:46 Wed 04-May-16,113.5,22.2047430029,43.1883690218,1151.1577836922,42.0168130929,2708.0189941419,440.9737401238,25434.348554267,1576.0570446006,60.856667971,15.9919975651,0.0361572661,0.8443427822,4.8842874223,15.403423587,0.1995049203,-0.0086562379,33.1208879884,12.5955444045,0.1987400895,0.0325779401
NA,49,AO-F-4-12,4,12,67,1675,6,6,NA,NA,67,18:20:01 Wed 04-May-16,121.9,29.043689937,54.9683847013,1133.0052746511,28.182570254,2760.1355008666,837.8034796102,24271.796555395,1481.355126005,51.2942998833,17.5362859745,0.028063745,0.7270570837,5.1710390697,17.9193468776,0.0161003051,-0.1135399606,47.5799735782,9.4484367626,0.0531934137,0.0295405022
NA,54,AO-F-4-13,4,13,62,1670,6,6,NA,NA,62,18:01:17 Wed 04-May-16,45,17.2747309978,38.6428190781,1196.6802736464,48.7011451625,2486.912120624,-38.8705869193,23225.311642556,746.4875752113,74.4825798161,25.896091139,0.0411650242,0.8005495912,5.4496349225,19.2828361298,-0.0492302278,-0.0663858744,48.9245804807,3.9212873434,0.0756559494,0.0277980041
NA,40,AO-F-4-14,4,14,45,1653,6,6,NA,NA,45,16:57:28 Wed 04-May-16,124.8,16.7759244601,22.6597825551,1201.7400623383,39.4194001614,2961.0559962723,910.7116173867,21820.7284877673,1765.4287968033,66.4398328017,26.1315807284,0.0263608445,0.4249071579,4.5191204011,22.3390170164,0.0088978376,-0.2583485276,35.7558633466,11.4758854619,0.115491608,0.0711487546
NA,53,AO-F-4-15,4,15,63,1671,6,6,NA,NA,63,18:05:01 Wed 04-May-16,164.9,31.3564105989,55.7775242727,836.6680233276,52.370924622,2510.3373471973,544.4200085387,24728.324587816,539.8461820926,73.8931986072,20.6701487866,0.0612675846,0.9981379344,5.1109675731,17.3588564425,-0.1988730698,-0.0509711979,37.2344152453,2.5030466647,0.1257321906,0.0243098703
NA,50,AO-F-4-16,4,16,66,1674,6,6,NA,NA,66,18:16:16 Wed 04-May-16,42.7,23.0379510325,13.9935451975,1448.3022525302,48.274899796,2084.8948825036,336.6059028824,16701.8825789931,2137.4878315253,85.8179701441,18.1101432674,0.0385389391,0.23574624,4.6038005128,14.006871742,0.0528449694,-0.0366066537,17.5059595054,14.047364587,0.9569445206,0.0413601366
NA,41,AO-F-4-17,4,17,46,1654,6,6,NA,NA,46,17:01:12 Wed 04-May-16,81.4,24.6256308073,24.5436254066,1117.1994578081,41.9737408267,2297.3816397376,729.7491896172,21522.9686551692,1779.9606568243,67.3399958785,13.6453645419,0.0267812289,0.5209813358,4.5692433376,14.2018438771,0.0176225839,-0.409437668,27.0088494757,14.9410444439,0.4014193364,0.1477180394
NA,51,AO-F-4-18,4,18,65,1673,6,6,NA,NA,65,18:12:31 Wed 04-May-16,35.8,8.5887386225,470.5118295895,1232.2976555222,38.606749187,2089.4786317189,-212.2407969375,15801.6900634069,1432.7506273173,66.3382999737,28.2112854821,0.0514332582,6.2897379555,12.3454599894,38.2338926778,-0.002424689,-0.2077852249,52.6586772174,8.9367882752,0.0691413474,0.0768421608
NA,55,AO-F-4-19,4,19,60,1668,6,6,NA,NA,60,17:53:44 Wed 04-May-16,116.3,15.8564717119,23.5904617058,1280.5938971497,27.8061872383,3198.1576550358,1254.4589368827,28215.9756531667,1375.6876175263,87.9974584731,17.7055349133,0.0288476804,0.6242073201,6.3365817421,27.6559281569,-0.0530370713,0.0420254351,47.4808961249,6.3002370575,0.2574188249,0.0865866777
NA,46,AO-F-4-20,4,20,52,1660,6,6,NA,NA,52,17:23:45 Wed 04-May-16,107.6,18.6398379694,8.4052003146,2024.0361924117,21.3645970438,2611.2213096753,1577.9456360279,27477.0462253239,2229.1350966693,78.077354989,15.7411934565,0.0185866359,0.2124029547,10.6584866338,28.0597106485,0.0109634767,0.2117037149,54.2090083303,14.8476683798,0.2673243756,0.108092216
NA,216,AO-F-5-1,5,1,231,1515,5,5,NA,NA,231,16:24:00 Tue 03-May-16,121.7,14.4633049929,102.0800598785,1012.8628742621,62.6548743362,3188.063489981,1374.1976685441,25331.6205251782,562.7344986128,75.2666892495,14.6992771291,0.0303311443,0.7979250267,5.1242306591,21.1440787319,0.005390415,-0.0303897933,28.8379712184,5.5895175477,0.0893519072,0.0192124215
NA,188,AO-F-5-2,5,2,209,1493,5,5,NA,NA,209,15:01:21 Tue 03-May-16,99.8,40.038284231,346.6883235108,823.4526622646,41.1806548566,2169.8799250239,960.8756190203,25874.7121012565,899.7710440152,55.9984257885,13.2433522106,0.0300055044,2.0355498857,6.4806215189,22.0682495277,0.011888653,0.0114130445,41.7509300314,7.6212991576,0.0346926607,0.0865454229
NA,189,AO-F-5-3,5,3,208,1492,5,5,NA,NA,208,14:57:36 Tue 03-May-16,132.6,40.7981835466,31.1774715578,728.036771925,111.1987247477,2019.2402925809,980.7813304988,19298.837329706,765.1532154438,105.4443572634,13.6215852878,0.0506452403,0.3238506597,4.1551769198,11.9395465599,0.0266915599,0.1088929902,22.8930478606,8.7903201396,0.0718864713,0.032808853
NA,195,AO-F-5-4,5,4,220,1504,5,5,NA,NA,220,15:42:39 Tue 03-May-16,126.8,9.1019947454,64.1233874577,717.9656401064,47.1458683417,2270.6352052639,1038.0365878227,23649.6152576944,537.3492275721,59.4830368429,10.569987714,0.0264330678,0.4583144626,3.3887661081,19.1531475465,0.0046335245,0.0289237487,51.7704961855,4.438564029,0.031938281,0.0147260855
NA,220,AO-F-5-5,5,5,248,1532,5,5,NA,NA,248,17:27:54 Tue 03-May-16,158.6,16.4732768765,33.0922632661,1814.806658281,32.5259434747,2738.2447957382,1375.478654876,25557.6669872165,951.2321164301,61.3589295644,19.7224465822,0.0176538739,0.2597083168,5.5617596324,16.4034929879,0.0055252575,0.0428223052,29.3729674247,11.1731245458,0.368984295,0.053586938
NA,197,AO-F-5-6,5,6,222,1506,5,5,NA,NA,222,15:50:09 Tue 03-May-16,114.3,25.1717302212,36.7706163539,1468.6407037461,29.2773198112,2607.0405717087,1585.5850394736,28070.0941380807,1350.496156279,48.5076272969,21.1161777727,0.0168765279,0.2421584764,4.3079609235,14.6281292104,0.0049601131,0.033424316,38.7022302948,12.7219646829,0.2356154562,0.0453471726
NA,198,AO-F-5-7,5,7,223,1507,5,5,NA,NA,223,15:53:54 Tue 03-May-16,166.1,15.4600094346,37.1729569481,900.7630994271,33.6696272053,3207.1478163251,1467.7725799925,22308.8465126861,1048.5882161417,52.5878476453,13.9578241591,0.0153093519,0.3709691435,6.2960786329,16.5568798914,0.0048361128,0.0340618288,27.3949851451,11.9751082445,0.1921105544,0.0387510515
NA,192,AO-F-5-8,5,8,205,1489,5,5,NA,NA,205,14:46:22 Tue 03-May-16,109.1,25.7767340527,60.3065576538,1511.5986375347,40.2393247453,2772.4631619717,1626.8433469664,28582.6239628689,1143.4545532318,69.4138936235,16.8963047032,0.0174351497,0.4486408235,6.7135188265,23.5601183113,-0.0554701477,0.005685736,36.1322181357,14.842311952,0.3404054867,0.0287976851
NA,203,AO-F-5-9,5,9,229,1513,5,5,NA,NA,229,16:16:30 Tue 03-May-16,98.8,4.4687533809,29.5475449693,1279.5013080886,63.6256129136,2112.4492887541,1466.7903753922,21703.2800542925,1965.4603585693,103.2950139442,16.0999648722,0.0316783344,0.1811411759,5.7662272176,31.716104566,0.0087558236,0.068499228,35.1146034156,17.9270855604,0.0789548577,0.0347648501
NA,199,AO-F-5-10,5,10,225,1509,5,5,NA,NA,225,16:01:29 Tue 03-May-16,162.2,16.2702533403,41.0673385523,1454.1720072644,55.8594422021,2550.5371827517,1565.0793207049,24422.5278996672,1087.9503514233,63.19376875,10.0396746965,0.0245638462,0.4043372833,6.1062348245,16.7871833568,0.0078694799,0.0116276218,24.6662252267,13.3225857162,0.0981074288,0.0303619318
NA,223,AO-F-5-11,5,11,251,1535,5,5,NA,NA,251,17:39:09 Tue 03-May-16,74.6,22.3812779923,51.9309750064,1779.0897674118,81.0015136888,3092.960366927,1674.8783116554,24435.9558085622,1607.7578092501,99.1456823471,21.4889610421,0.0376023815,0.4119310782,6.4932649708,24.0045841968,0.0118898276,0.1080317597,26.4293454522,18.0238035349,0.1543693996,0.03576775
NA,208,AO-F-5-12,5,12,240,1524,5,5,NA,NA,240,16:57:49 Tue 03-May-16,125.3,8.0828415571,40.1990002442,1379.5930516761,63.021236884,1656.161418219,1432.743976421,18837.6214626063,1883.7865120363,108.7923488475,15.1270267997,0.0297150606,0.1060227276,5.77532315,11.2300757153,0.0115476597,0.0092221825,32.3385886717,17.5316381072,0.1185893328,0.0225765071
NA,202,AO-F-5-13,5,13,228,1512,5,5,NA,NA,228,16:12:45 Tue 03-May-16,160,17.6240914799,28.3484561278,1653.9248626626,170.8072739334,1990.8697149764,808.1765409491,20687.9942234495,1759.7913637101,155.6393163703,19.7758660578,0.0617539096,0.4739023388,3.9690778202,17.8601739961,0.0119225596,0.02163247,28.4892298049,14.6825379715,0.0523591558,0.0097560325
NA,224,AO-F-5-14,5,14,252,1536,5,5,NA,NA,252,17:42:54 Tue 03-May-16,127.4,28.1354058003,164.6034607962,1340.1070086802,175.5060335072,2293.4309675888,806.8518445677,26417.4275911327,1005.4310575764,154.479118161,19.2430057558,0.0706509055,1.1187296978,6.9488463296,21.4094199002,0.0090074206,0.0620252035,45.5121100096,7.4653452792,0.0653310361,0.0384104187
NA,209,AO-F-5-15,5,15,239,1523,5,5,NA,NA,239,16:54:04 Tue 03-May-16,114.2,23.8835258928,42.0341684378,1626.0797494222,287.1329140914,2750.4675204695,1196.8721509411,23475.3652129646,2172.1355697168,265.9233209991,27.5746833289,0.0962889156,0.6781233916,8.171122568,25.1863845084,0.0224395341,0.0318896368,35.6183936162,17.8818294085,0.1989051766,0.0208642361
NA,206,AO-F-5-16,5,16,242,1526,5,5,NA,NA,242,17:05:19 Tue 03-May-16,135.5,17.6724132607,34.1473840308,1239.6890759695,91.1146021904,2006.123227971,1099.1866455343,17537.7638808212,1476.3675762727,95.6212146112,10.6211738262,0.0324144521,0.14845553,3.948942162,13.9033076614,0.0091423993,0.0009331014,25.4692513853,11.2477351699,0.2001245319,0.0179373395
NA,215,AO-F-5-17,5,17,232,1516,5,5,NA,NA,232,16:27:45 Tue 03-May-16,108.2,6.2458007407,38.927503345,1183.1369512207,71.3252085619,2560.5274577196,992.0595944364,21042.3533383811,1840.34503063,78.2959867161,12.872625491,0.0288486419,0.4091901589,4.4954339101,16.0011783791,0.0056434109,0.0284261778,32.6944300789,19.2218679759,0.1567681409,0.0231975385
NA,213,AO-F-5-18,5,18,235,1519,5,5,NA,NA,235,16:39:04 Tue 03-May-16,106.6,5.3598146654,24.9978172807,946.4641398778,74.723369093,2848.3308760995,1133.9128821844,21818.2523068645,1503.3107223858,84.8006650607,8.7302303196,0.0322630534,0.1762183154,3.9384988455,14.0402249834,0.0074113948,0.0165719319,39.0822129573,13.8145922433,0.2047692607,0.014754218
NA,214,AO-F-5-19,5,19,233,1517,5,5,NA,NA,233,16:31:30 Tue 03-May-16,172.7,10.6331556479,28.583418364,3355.179642181,98.9800722169,3996.4086709693,1871.3753654006,20577.9591480492,1807.1791985078,112.5844143195,13.5119287067,0.0425993488,0.2467832633,5.2294353488,23.0845061932,0.0112543315,0.0522415226,27.5200729549,15.4940207645,0.3056521567,0.0192297466
NA,227,AO-F-5-20,5,20,256,1540,5,5,NA,NA,256,17:57:59 Tue 03-May-16,128.5,5.6272936735,13.6546995603,916.6006031269,44.6708855861,2353.7806048432,1398.3782567199,18635.3846454494,587.570493593,79.4667040581,7.5655780528,0.0231391131,0.1326313494,5.3753644892,21.9809301364,0.0050683199,0.047414109,31.5306099309,3.9043736546,0.1744022653,0.0159462842
NA,217,AO-F-6-1,6,1,245,1529,5,5,NA,NA,245,17:16:38 Tue 03-May-16,131.6,52.3650005951,31.3644928435,2366.9124090845,59.1962038307,5813.248196311,2268.1528216693,45516.0866480233,1416.0597881319,109.1315572213,29.1772512165,0.0330295874,0.2044901601,7.727112397,47.0422568318,0.0054093773,0.0280493736,79.8838539981,6.9093747848,0.1433795559,0.0371171903
NA,190,AO-F-6-2,6,2,207,1491,5,5,NA,NA,207,14:53:51 Tue 03-May-16,114,29.2252817837,63.5084941059,2239.7911465146,71.7652447592,6079.5674468814,2323.9265307833,46631.2520824154,2379.7561877791,159.619800175,39.1996691633,0.0408604739,0.3360513174,6.9002216634,62.030581886,0.0344782959,0.0548144787,59.7133228359,12.2995388995,0.0887705416,0.0554595837
NA,194,AO-F-6-3,6,3,219,1503,5,5,NA,NA,219,15:38:54 Tue 03-May-16,98,49.2616339749,47.317432365,2059.6979558607,31.6351386061,5297.6215298303,2575.102850798,51832.4900365673,1722.2809263229,95.6602931294,28.6895537239,0.0179630669,0.1420862769,8.3012218197,43.7604242033,0.0037661462,0.0047865996,50.6238916144,10.3699597828,0.1141932801,0.0271915134
NA,211,AO-F-6-4,6,4,237,1521,5,5,NA,NA,237,16:46:34 Tue 03-May-16,106.3,33.7811093499,21.2514179177,1582.6944437051,30.4256746825,4311.1495083126,2082.7529139869,38260.0784582578,1660.8677327626,84.6843209111,33.5544369846,0.0190332747,0.2729273195,7.1460540465,30.0563034519,0.0044216835,0.0115829577,50.1830763876,8.5253147019,0.0761476125,0.0264783417
NA,191,AO-F-6-5,6,5,206,1490,5,5,NA,NA,206,14:50:06 Tue 03-May-16,128.1,23.3818779116,28.7088823164,1902.4774917982,77.4342269563,4331.7202551655,1917.6748258744,48500.2237314338,2447.4722064177,130.3162068988,30.4646681877,0.0311133269,0.2128431139,7.658972594,34.9324420543,0.1435059393,-0.0390621319,33.181996916,15.4914170875,0.1173500361,0.0165726635
NA,218,AO-F-6-6,6,6,246,1530,5,5,NA,NA,246,17:20:23 Tue 03-May-16,80.3,8.5798081795,64.0378053901,1809.7404258213,57.9157856726,4714.8971001161,2111.3023849337,55482.8523249912,3502.0261715669,110.5021598729,32.3312296271,0.0337028047,0.161871465,6.0721064005,55.2245891813,0.0074266305,0.0169991123,34.5804227661,19.0425510025,0.1228532276,0.0255246359
NA,196,AO-F-6-7,6,7,221,1505,5,5,NA,NA,221,15:46:24 Tue 03-May-16,105.5,16.0017758947,81.2751310945,1714.266729176,60.3055770634,4742.2293387951,2075.6732550898,31471.3139240653,964.8948290435,88.1874371648,25.1069757603,0.028756835,0.2335256534,11.2044215608,68.7276392177,0.005870978,0.0829308628,53.0188997602,4.345305434,0.0574136097,0.021196129
NA,193,AO-F-6-8,6,8,218,1502,5,5,NA,NA,218,15:35:09 Tue 03-May-16,100.8,16.3610750073,12.1481343488,1469.0274485254,23.6526796439,4997.5483079663,2064.1360787724,36321.9025377088,1450.7970624762,65.8458519149,21.7197421363,0.0171851171,0.1858388627,9.793213956,29.0313050368,0.005104266,0.0025340851,33.020435824,8.4122136972,0.1018226066,0.0072865689
NA,219,AO-F-6-9,6,9,247,1531,5,5,NA,NA,247,17:24:09 Tue 03-May-16,111.6,21.4082744283,7.6268804873,1229.953182726,17.3325567594,3746.9801700321,1495.5576095076,35333.0986871242,1450.6486345852,45.4075502997,20.6577772949,0.0101680497,0.1119696941,4.7188331622,20.2347319799,0.0074128896,-0.001519233,38.8353978802,9.5016430825,0.0957156229,0.0071962505
NA,221,AO-F-6-10,6,10,249,1533,5,5,NA,NA,249,17:31:39 Tue 03-May-16,114.2,9.0933398237,17.2049605272,1264.4519100465,41.8133755596,4137.5442594236,1631.9113574885,37812.169124874,1113.4211394378,58.4466746427,23.4576748747,0.0186277752,0.1668916549,5.3986233133,33.1337391738,0.0023288328,0.0043974752,38.0269699702,6.1475479112,0.0577333096,0.0228931233
NA,204,AO-F-6-11,6,11,230,1514,5,5,NA,NA,230,16:20:15 Tue 03-May-16,126.3,5.2062063974,5.7236947616,1546.2064357717,15.1880919269,3913.4502866526,1809.5041197755,28801.5147758123,1786.8094391914,76.7637967851,37.2628637913,0.0137451359,0.084520789,6.9367639624,29.1935577128,0.0028885076,0.013200687,37.8865328043,7.5498212749,0.1184217172,0.0062055211
NA,200,AO-F-6-12,6,12,226,1510,5,5,NA,NA,226,16:05:14 Tue 03-May-16,123.7,18.8517623716,13.3564890488,1549.8668441355,32.8831834924,3866.3183844416,1926.9148974984,30265.0948036766,1547.5264542715,86.018502146,31.0173841754,0.0173229727,0.2643879005,9.4849173563,41.2113525894,0.0034121086,0.0181069339,44.3351738946,6.0703724466,0.0859641659,0.0079048855
NA,222,AO-F-6-13,6,13,250,1534,5,5,NA,NA,250,17:35:24 Tue 03-May-16,114.8,22.8868846253,31.5481358779,2506.3633268248,32.4829779418,6999.796070789,1994.542106955,49926.2970640349,2806.002317196,70.5046165016,28.156828264,0.0197271084,0.1581881027,8.5448492099,56.2154997618,0.0036088873,-0.0051200355,62.929653953,20.8563997269,0.049442986,0.0304017894
NA,205,AO-F-6-14,6,14,243,1527,5,5,NA,NA,243,17:09:04 Tue 03-May-16,111,25.5319544793,15.2534474564,2040.5696147785,25.117350017,5048.4705518436,1988.8835058255,36015.7115202104,2432.5671673738,88.5218944385,37.1292859123,0.0141422265,0.2017258463,9.5239206178,50.9292331067,0.0065871384,0.0317409676,51.9360417203,13.3973019481,0.0660101116,0.0196645672
NA,201,AO-F-6-15,6,15,227,1511,5,5,NA,NA,227,16:09:00 Tue 03-May-16,108.9,19.6104893687,12.7665806217,1392.7483226421,30.3625455547,4904.9724240147,2189.849834052,30719.8598620219,1235.0919097139,67.4948492556,25.6321849809,0.0145994492,0.1829254827,11.757057831,34.649076841,0.0045619852,-0.0102190109,35.9990429488,7.0973585687,0.1365538406,0.0110716612
NA,210,AO-F-6-16,6,16,238,1522,5,5,NA,NA,238,16:50:19 Tue 03-May-16,105.2,30.8197169832,27.2472623084,2138.417702662,35.9443986651,4867.9332666118,2537.2839805165,34203.927588626,2153.1374168477,98.7876431879,35.7724958517,0.0263655428,0.3957108943,15.8347886693,65.7741941758,0.0063499918,-0.0058302319,48.8127418317,9.3094194093,0.173364025,0.0251368421
NA,225,AO-F-6-17,6,17,253,1537,5,5,NA,NA,253,17:46:39 Tue 03-May-16,118.1,26.3646590675,30.3264175837,2055.516426319,65.0210001853,5225.2149714685,2147.006901634,39246.444369315,1883.3518151062,102.6418435796,52.2236304852,0.0374222914,0.282236889,11.6131548178,48.5439175391,0.0049082471,-0.0109969848,70.316664361,9.4026881113,0.0272081834,0.0214792265
NA,207,AO-F-6-18,6,18,241,1525,5,5,NA,NA,241,17:01:34 Tue 03-May-16,102.6,12.8517401351,30.7351207967,1637.9302720138,45.9880297284,4993.5501978066,1861.3201317002,37205.5741934936,1410.2163688381,85.6298276727,40.4744742452,0.0321861558,0.3035973757,12.2678553539,37.5813418066,0.0086191781,-0.010245335,48.2604417289,7.2427420122,0.0797672205,0.0184341169
NA,226,AO-F-6-19,6,19,255,1539,5,5,NA,NA,255,17:54:14 Tue 03-May-16,109.4,15.4635073636,29.1001862661,1229.8061166116,30.6795839611,4892.3171032648,1919.0434793558,44883.4660432581,2009.6568861938,75.719704399,28.0668771174,0.0203768866,0.3602996424,6.1553580565,24.7198292888,0.0066340245,0.1239687752,46.5307574929,10.911502514,0.1262025245,0.0202433674
NA,212,AO-F-6-20,6,20,236,1520,5,5,NA,NA,236,16:42:49 Tue 03-May-16,126.5,10.3263513656,12.467973909,946.433228845,27.448970415,4227.2904994651,1718.0839129102,36574.5082762867,1935.8869308582,80.9572542265,26.2280289096,0.0192880778,0.1394811432,4.6652206344,21.5019342087,0.0070766602,0.0225554053,43.6043725827,9.8785202507,0.1143158831,0.0206999782
NA,89,AO-F-7-1,7,1,99,1707,6,6,NA,NA,99,20:20:05 Wed 04-May-16,123.2,29.0481254476,20.8420181682,1213.955012917,25.1917763794,2864.8760132961,1707.2822390354,27669.6654827062,2306.9543386838,83.9295633001,27.7717648742,0.0247449574,0.3107844168,5.5937585192,43.0428710944,0.0434736755,0.0668424173,28.2711574353,19.3919706336,0.1974248302,0.1307565807
NA,62,AO-F-7-2,7,2,69,1677,6,6,NA,NA,69,18:27:31 Wed 04-May-16,113.4,33.8796989442,16.2638158568,1624.3732270011,15.7288016475,3201.7971591518,1610.8059561167,20243.9114571587,2133.8838185307,56.0374257998,40.2523927267,0.023852772,0.3438902157,7.1844148589,44.9537157459,0.0099625065,31.2245932955,30.9299459705,15.6898521843,0.2577715617,0.120017575
NA,83,AO-F-7-3,7,3,83,1691,6,6,NA,NA,83,19:20:03 Wed 04-May-16,100,11.4727750704,24.7909602214,771.6662300201,25.6208398707,2498.5073277904,1211.6736164094,24564.0429899012,1496.9514351463,66.7724980622,21.4053146934,0.0225603764,0.3421511486,4.1894012968,29.1719936282,0.0114204752,-0.2535638289,22.9724673104,15.9092942159,0.1978216717,0.1486786978
NA,71,AO-F-7-4,7,4,79,1687,6,6,NA,NA,79,19:05:02 Wed 04-May-16,119.7,28.3695174675,22.4087592553,1343.9071027205,13.7822799791,2668.476709432,1410.4327990494,26282.1875005514,1762.8450254549,50.5239944683,26.9673168341,0.0204873349,0.3356723399,5.0504590114,34.2226113524,0.0064932091,-0.1481972888,40.829175985,13.5310040096,0.1566605513,0.0522404745
NA,87,AO-F-7-5,7,5,97,1705,6,6,NA,NA,97,20:12:35 Wed 04-May-16,134.5,12.3783637928,33.9981001641,1003.5034802233,16.0419562841,2154.1057690131,993.6182547512,34495.5954052095,1847.8140612796,44.4408544679,32.5768736901,0.0328826419,0.2249007043,3.3331393824,25.110811283,0.0191393969,0.0848626991,32.0742502824,22.3847780684,0.1226040852,0.0635821707
NA,69,AO-F-7-6,7,6,77,1685,6,6,NA,NA,77,18:57:32 Wed 04-May-16,127,13.9077607154,30.8317913749,1599.7107511731,33.6333989828,2724.748115133,1035.9409879455,25183.5765666047,2117.5982795742,77.2367858455,36.3950126908,0.0375464879,0.3736485958,4.7724074522,27.320785914,0.0096388459,0.2071125784,34.4630730313,17.6372746752,0.1950902515,0.0754622571
NA,61,AO-F-7-7,7,7,68,1676,6,6,NA,NA,68,18:23:46 Wed 04-May-16,110.2,21.7995894555,48.7760188449,1217.2832238036,39.506814901,2453.9303187492,1424.2417769987,28571.0661292928,1622.6274146443,72.6720918959,26.1806208096,0.0256439722,1.0150798779,5.0716270535,43.473900908,0.0151157553,-0.1285257333,49.7581632542,12.3905887427,0.126384448,0.0403878758
NA,74,AO-F-7-8,7,8,93,1701,6,6,NA,NA,93,19:57:35 Wed 04-May-16,160.5,27.0060072081,28.2693961061,981.2434981905,113.7208419597,2214.6212720781,1236.747715871,30462.6021194667,1941.1195094086,138.0596478817,49.6939340394,0.0882854067,0.3765197,5.8071463246,31.0931245763,0.0325373533,-0.1285179251,20.8982847445,21.1212065185,0.2738323745,0.2935192053
NA,72,AO-F-7-9,7,9,80,1688,6,6,NA,NA,80,19:08:47 Wed 04-May-16,121.4,19.2061939868,20.5447926027,1295.6935438663,91.1171265306,2730.8019359451,1427.6120066412,29259.7050717021,2464.1001967354,129.9914477225,51.1999102894,0.0580710425,0.4022882319,7.5953506202,19.891180171,0.0434587031,-0.1511652439,10.9403163541,26.0951570576,0.6024251301,0.4379462955
NA,59,AO-F-7-10,7,10,56,1664,6,6,NA,NA,56,17:38:45 Wed 04-May-16,101.4,48.2417665297,15.9973605846,1895.3783590271,49.1374866294,2607.428780561,926.3489463927,18827.6822828281,2827.4289327679,80.0110093874,42.1915073374,0.0444837365,0.2951378789,4.7069010942,20.0008904145,0.0334662102,-0.1965464599,23.7255196089,35.7803054205,0.1997013623,0.1106377131
NA,84,AO-F-7-11,7,11,82,1690,6,6,NA,NA,82,19:16:18 Wed 04-May-16,116.2,22.8971998253,11.6186938883,1708.6624684663,61.3077817666,2898.1710377639,992.3710208897,22539.2180141175,3052.984617991,98.3049436822,35.7728811529,0.047404709,0.3417434574,4.3004190113,26.1343243591,0.0258865903,-0.1942358777,26.387945921,37.648943601,0.4092309493,0.0935252751
NA,67,AO-F-7-12,7,12,75,1683,6,6,NA,NA,75,18:50:03 Wed 04-May-16,106.8,20.2825584544,21.1591868072,1035.3534327554,19.7847062121,2159.3003204563,915.1852646567,15904.6345638961,1318.3716895019,38.9486135512,19.6847397064,0.0139375584,0.455870278,3.5071030705,27.3435617953,0.0048151232,0.4060927524,35.235286084,9.1935473026,0.1270263933,0.0808099665
NA,88,AO-F-7-13,7,13,98,1706,6,6,NA,NA,98,20:16:20 Wed 04-May-16,110.4,9.1487554029,23.5980449235,820.5171000089,16.3629911616,2479.941191082,524.6288975018,24833.5237469732,1102.2710143233,42.7438582615,19.959698186,0.0186955149,0.2958040652,1.7901031275,22.7940266791,0.0138389459,-0.0602252355,50.2517490828,13.7182041958,0.0828754748,0.414935806
NA,63,AO-F-7-14,7,14,70,1678,6,6,NA,NA,70,18:31:16 Wed 04-May-16,102.3,21.209222507,10.9717131896,1268.9176972873,25.9390669195,2259.6470318867,909.7101695275,20386.9288102811,1412.6352929805,57.3956750141,20.0084478933,0.0581969876,0.5898425709,4.4260340328,23.3630811241,0.0125839656,-0.0222247319,24.9809024322,9.8025064067,0.1319905146,0.05142773
NA,70,AO-F-7-15,7,15,78,1686,6,6,NA,NA,78,19:01:17 Wed 04-May-16,126.1,9.7380759339,9.3435339178,930.391830238,20.8777345941,2316.8944193077,667.3988599388,22839.6542822146,1427.5458337557,47.7684222454,19.6923436705,0.0362906108,0.217507413,4.0771167758,17.236141411,0.0121079675,-0.3506550666,23.2162876029,10.3233494638,0.1044137308,0.0735814165
NA,85,AO-F-7-16,7,16,95,1703,6,6,NA,NA,95,20:05:05 Wed 04-May-16,187.1,31.5682597574,22.923754529,1686.6497370744,56.1479698275,2414.0326068512,983.814360927,21998.4457101463,2265.7486570821,94.3591946062,39.7105941094,0.1054560018,0.3641729906,5.0671541657,30.088449324,0.026870932,-1.4192345085,38.5335380259,15.310731925,0.1110576843,0.0412032849
NA,82,AO-F-7-17,7,17,84,1692,6,6,NA,NA,84,19:23:48 Wed 04-May-16,130.5,13.3718616662,13.6525936976,1305.7675492511,28.1341318918,2399.0486552457,670.0121424956,26546.9715254747,2139.313222021,48.1622773352,33.9096879117,0.0353042772,0.396284887,3.5356944769,19.4869722556,0.0071322204,0.1070026986,51.6159936899,17.3482796013,0.1471303491,0.0438862906
NA,73,AO-F-7-18,7,18,94,1702,6,6,NA,NA,94,20:01:20 Wed 04-May-16,107.9,36.840749631,31.6891285587,996.2701218497,55.4571393435,2419.3414414318,987.8119709365,15579.5908778854,1595.4236258276,58.4400885533,32.0374954281,0.0337488413,0.3967443356,4.946044803,38.111159332,0.0088779659,-0.5624230738,30.3664491458,10.9136373906,0.0963686504,0.0250398364
NA,60,AO-F-7-19,7,19,55,1663,6,6,NA,NA,55,17:35:00 Wed 04-May-16,101.6,28.1222300371,17.9816059419,789.460400932,20.6227844644,1969.327310186,439.4984993302,14886.2813981615,972.1850570703,42.5928957436,23.5128671014,0.0391096222,0.2097995451,1.8762473157,25.3338598031,0.0165305642,-0.1934338038,19.5418671788,7.2727184046,0.0355969371,0.0318555074
NA,68,AO-F-7-20,7,20,76,1684,6,6,NA,NA,76,18:53:47 Wed 04-May-16,131.1,9.3938869516,16.003762992,1345.8243727511,81.0019684743,2672.8849186067,1186.3287123298,31781.2065300398,1562.7823770133,106.2635371594,20.5921265047,0.03615502,0.3107823552,6.1109637321,28.196165778,0.0075306729,0.7239731043,33.1797809219,14.6097560463,0.1414119862,0.1166782
NA,100,AO-F-8-1,8,1,117,1725,6,6,NA,NA,117,21:27:40 Wed 04-May-16,116,20.3526315084,87.1893163446,1088.806250607,55.2491443322,3435.6605735894,1713.524423772,33676.6040136489,1240.4103437599,78.4458266701,40.9604894949,0.0491393731,0.8358059621,9.4009731047,102.7619236418,0.0091277705,-0.2082298734,17.7259914365,7.8220392093,1.1402607665,0.0850416673
NA,102,AO-F-8-2,8,2,115,1723,6,6,NA,NA,115,21:20:10 Wed 04-May-16,113.2,24.8250242379,57.4180843672,1455.3529999496,44.6552513541,3369.6138283956,2274.4971408241,30100.8027096875,1676.1393138335,101.1567373874,29.1469738774,0.0665343422,0.6593292154,8.8601914438,71.6434944402,0.0103167839,-0.2148645168,15.7427826535,8.0031790639,0.602884785,0.0766651727
NA,127,AO-F-8-3,8,3,140,1748,6,6,NA,NA,140,22:54:00 Wed 04-May-16,101.1,6.4748715982,8.0585046346,1330.7027214658,20.2114210109,2454.7847254634,967.7258723946,36003.7063466538,2233.2548585157,45.5382076776,33.3515526485,0.0263226088,0.5029944163,4.7649464568,46.0439609242,0.0051780757,0.0377305618,16.0269083709,16.3695381279,0.2894584214,0.1132493447
NA,119,AO-F-8-4,8,4,133,1741,6,6,NA,NA,133,22:27:45 Wed 04-May-16,104.6,22.2503624805,22.9312293153,1525.4531931428,38.007471571,3249.7493463926,1565.6000308591,30803.4759547443,2429.843737215,67.9483760262,36.147913081,0.0642138096,0.2283069544,7.5419349682,36.4890102287,0.0032983187,-0.184211193,17.7110767308,16.2292570826,1.1095821578,0.1267990759
NA,133,AO-F-8-5,8,5,148,1756,6,6,NA,NA,148,23:24:02 Wed 04-May-16,98.5,31.7468429307,11.8030308552,1106.8724718689,29.868873514,1965.4363457314,703.1686624796,14781.7061505778,2079.1343544958,57.5830096882,38.6163446232,0.0364191544,0.5177971235,6.7329786317,32.3427067163,0.0030180888,0.153046312,10.2615803372,8.7355098762,0.2007651868,0.0249598948
NA,138,AO-F-8-6,8,6,154,1762,6,6,NA,NA,154,23:46:35 Wed 04-May-16,126,20.1149957925,10.8033882802,1199.0391233302,33.1450389753,2294.5793751819,737.6932010386,23197.4070873993,2414.5668667937,58.1959316185,22.3398585978,0.0566850524,0.4644734337,5.909465421,23.1890439344,0.0033528995,0.0179894853,12.4295459127,16.0463785773,0.3814859107,0.2169500752
NA,110,AO-F-8-7,8,7,123,1731,6,6,NA,NA,123,21:50:13 Wed 04-May-16,100.7,37.2756850276,6.5215096091,1194.5814254067,22.0222030079,3173.8391075136,663.5838999432,22238.2270704088,1376.5266329629,44.7465935454,20.8549658727,0.0447542958,0.5367776586,5.6565478048,30.2042734717,0.0037136762,-0.1145544046,11.8363646783,7.6028506995,0.287679668,0.0587518039
NA,112,AO-F-8-8,8,8,125,1733,6,6,NA,NA,125,21:57:43 Wed 04-May-16,154,47.2352028041,27.5042840141,1580.1398426449,76.3546113658,4371.4641343677,994.6423622107,33403.469839746,1961.1860857444,70.449355236,21.2944041491,0.0558875252,1.5725494859,9.3410977577,53.7732353562,0.004790207,0.0578220259,20.7334317167,15.8729859267,0.2607538765,0.0366606289
NA,120,AO-F-8-9,8,9,134,1742,6,6,NA,NA,134,22:31:30 Wed 04-May-16,95.6,37.2552141259,21.2429334395,1493.028740204,119.1529021682,1931.6476655604,27.1836217407,15810.3988543582,2672.9457571327,100.2100496581,15.6330222834,0.1199709922,0.5486215906,5.0934742442,21.8901726695,0.0069045669,-0.0196040771,6.5326194241,17.9943115441,0.3336883761,0.0217067183
NA,128,AO-F-8-10,8,10,139,1747,6,6,NA,NA,139,22:50:15 Wed 04-May-16,138.5,32.489166843,19.9297593578,1240.3788742258,70.7505771372,2872.9077191976,729.2432258197,19832.9418562202,1963.6224886029,71.812247252,18.9470772485,0.0969177334,0.5660944687,5.937894129,25.1050384133,0.011648,0.0717666586,7.1719975268,14.4810883766,0.3888110317,0.0464699039
NA,134,AO-F-8-11,8,11,149,1757,6,6,NA,NA,149,23:27:47 Wed 04-May-16,105.3,50.261674267,17.4053274369,829.7188034435,35.2220497549,2399.2985441216,412.287097083,24426.8751298746,1063.7214309836,52.1893513881,11.3599590126,0.0737335778,0.5975559678,5.3968649882,229.4010690921,0.0049239168,-0.0324822119,13.2296250704,7.4380235201,0.2904801718,0.0492590768
NA,108,AO-F-8-12,8,12,108,1716,6,6,NA,NA,108,20:53:51 Wed 04-May-16,194.1,21.4251063451,35.8091478462,1255.8430130763,106.7007203259,1708.2553252765,627.9588328129,15990.3883932683,2574.2162422898,77.604607695,25.3446401867,0.0896720369,0.2719592778,2.6924306033,31.0458291265,0.0162830524,0.3489507625,8.3754819413,21.0745604094,0.2459321807,0.0146174025
NA,115,AO-F-8-13,8,13,128,1736,6,6,NA,NA,128,22:08:58 Wed 04-May-16,102.1,29.6977087314,17.4988553796,945.8154707096,29.4261681867,2289.7088960882,469.2648476064,24169.6198413277,960.0290883936,43.240640201,11.7375803912,0.0249213579,0.4196887855,4.1748585574,30.0208079083,0.0021837496,0.0277323496,13.0196519241,5.9630965709,0.1922031278,0.0191090399
NA,117,AO-F-8-14,8,14,130,1738,6,6,NA,NA,130,22:16:28 Wed 04-May-16,104.4,23.6371577875,13.6944113376,834.9718571859,22.0555789376,2709.9577510027,98.4341049557,21010.2456223478,637.7346346549,33.5492891987,11.2560587329,0.0390980288,0.4894747455,3.0579699057,23.3190798043,0.0012759813,-0.2308611469,11.1894516057,4.8968476516,0.0826984147,0.0100706319
NA,121,AO-F-8-15,8,15,147,1755,6,6,NA,NA,147,23:20:17 Wed 04-May-16,79,32.7051930004,37.3159056876,850.5134911402,52.7558326139,2004.6176846936,495.7011228978,14117.2450657842,1246.0691336669,85.4499494003,9.5395888462,0.0586116704,1.3702251471,10.7592150687,40.3476153038,0.0093548618,0.2719895448,10.1905676671,7.4652777479,0.1860583713,0.0182348837
NA,129,AO-F-8-16,8,16,138,1746,6,6,NA,NA,138,22:46:30 Wed 04-May-16,91.5,23.0968983891,28.278922459,855.0528170129,32.6145025157,2022.6542503812,113.3325294664,19532.237555351,1458.9002127974,52.7735566907,14.8251249702,0.0424607475,0.3948231328,6.2326844244,19.3524059501,0.0057895092,-0.41196163,12.2300890141,9.5805622339,0.1523044113,0.0259127508
NA,135,AO-F-8-17,8,17,150,1758,6,6,NA,NA,150,23:31:32 Wed 04-May-16,137.4,23.160664962,8.0577044756,818.0750885222,17.5703521305,2297.3657467189,563.0620177909,19355.8514796996,398.2800817895,44.6102365699,12.0315486821,0.024996323,0.9308084714,4.5563957004,29.7573180083,0.0025504169,0.0574892006,15.9101307295,1.756377871,0.2211120025,0.094858909
NA,122,AO-F-8-18,8,18,146,1754,6,6,NA,NA,146,23:16:32 Wed 04-May-16,118,5.2329213672,7.9601222489,1315.9359658931,41.1627791843,2590.6391152483,696.1558189309,21068.3788294456,2596.0393681235,56.1600311381,13.2114689373,0.0823133833,0.372561981,4.2717869725,31.7550664258,0.0054350267,0.0920060458,16.0865789751,14.8022641516,0.2495864354,0.0234920167
NA,106,AO-F-8-19,8,19,110,1718,6,6,NA,NA,110,21:01:21 Wed 04-May-16,135.8,12.7550145186,25.1142799263,1343.3528535246,83.7982924974,2666.2557597926,1426.331591862,19882.750830678,3589.167819273,103.2660946377,37.3135750249,0.061785315,0.5746992438,8.1512134263,142.2387087284,0.0153018527,-0.8954316252,9.8958966484,18.8815853816,1.1282908822,0.0431601048
NA,103,AO-F-8-20,8,20,114,1722,6,6,NA,NA,114,21:16:25 Wed 04-May-16,161.5,16.4383406914,21.3233468623,1403.6420608689,46.2529219743,3179.6168440056,1190.2453353673,23311.2064247782,2920.2460574214,67.8336344657,25.6716006478,0.0425215259,0.3297986886,9.7890699778,35.2726556721,0.0090121903,-0.0096569072,15.0594465223,15.6912830116,0.5387677272,0.0280052735
NA,98,AO-F-9-1,9,1,119,1727,6,6,NA,NA,119,21:35:10 Wed 04-May-16,124,35.1999545494,25.9833948999,2240.0002908279,25.3220439102,3223.5781540826,1884.6905371479,22943.8606316083,5135.7294357629,62.5042697099,16.0671976085,0.0269173427,0.4132113401,7.870145444,94.1172366729,0.006552079,-0.0900653009,32.3044699943,69.219497565,0.2696216994,0.0164719386
NA,66,AO-F-9-2,9,2,74,1682,6,6,NA,NA,74,18:46:18 Wed 04-May-16,107.4,31.5168279901,477.5826020166,1233.5317946797,12.8007108827,2537.1942481089,1039.0514695952,13614.6521045175,2916.0176527511,41.2908431356,26.2751519793,0.0206977623,1.5254284008,10.4985486553,108.7840543791,0.0026404212,0.5312506381,23.6576520734,31.9104110214,0.1699860631,0.0386325457
NA,78,AO-F-9-3,9,3,88,1696,6,6,NA,NA,88,19:38:48 Wed 04-May-16,184.9,22.4381319247,80.4888109546,1217.8171306314,33.0347023451,2600.9767294444,1028.113373433,22703.8947121442,1888.8880782239,40.0898592476,21.5224383287,0.0173049118,0.3174769407,4.6230683999,43.5182558206,0.0089060997,-0.1018054184,43.427481087,18.8145070059,0.1312042666,0.0192861784
NA,93,AO-F-9-4,9,4,104,1712,6,6,NA,NA,104,20:38:52 Wed 04-May-16,110.9,31.2004742919,48.189377834,2734.8751284513,18.1238155678,2242.3417030128,1044.5793138859,19486.9819814945,5404.5806459062,45.8585837074,24.5608467643,0.0139530047,0.3104552995,3.9953401138,58.061993295,0.0223424748,0.4633493082,43.1042416169,65.3421198842,0.2066466213,0.0223852647
NA,91,AO-F-9-5,9,5,102,1710,6,6,NA,NA,102,20:31:22 Wed 04-May-16,133.7,32.9145948326,190.7501890888,946.1118417405,24.3664907792,2192.3257155383,807.447530819,14909.7405372894,1427.1410429666,40.2463082836,17.1701403256,0.0154507904,0.4915910427,5.5362401948,144.3388058527,0.0275343871,0.0974689479,22.2310884508,13.2256694766,0.1785425583,0.0229033075
NA,76,AO-F-9-6,9,6,90,1698,6,6,NA,NA,90,19:46:18 Wed 04-May-16,66.1,28.6771304656,287.729247588,1334.4643323981,37.6823695491,1888.2982875657,207.1991836749,12139.0319841668,2504.319019167,48.0878998794,14.454306717,0.0229035923,0.6588608196,6.7444614488,223.5514345877,0.0079431041,-0.5918796726,21.6862860656,29.7526678376,0.1291201984,0.0239121675
NA,95,AO-F-9-7,9,7,106,1714,6,6,NA,NA,106,20:46:22 Wed 04-May-16,109,19.228440359,46.5331042953,3413.3355204541,37.2010353265,3264.017974197,1296.4263107603,18918.5749709122,8342.0512802516,83.5271586408,79.683646225,0.0267114848,0.3620578212,5.3102753163,59.5841457511,0.032115954,0.3813947008,24.3623360967,106.7619470185,0.4768186312,0.0456973127
NA,81,AO-F-9-8,9,8,85,1693,6,6,NA,NA,85,19:27:33 Wed 04-May-16,164.4,28.2784889513,28.0044627434,1701.7246958956,32.537369871,3262.241338257,2430.9764425014,16378.7140355468,9299.2037990421,95.2842668278,69.8956965672,0.0166063541,0.2229073835,9.3535285213,48.4417702856,0.0120985812,-0.0487083293,19.1459613158,126.9312941838,0.4427409514,0.0430145332
NA,79,AO-F-9-9,9,9,87,1695,6,6,NA,NA,87,19:35:03 Wed 04-May-16,80.8,18.1228027719,61.9651352582,2080.550939948,34.4411645817,3823.8177788905,1404.0288435804,22514.3570530831,5456.3213469532,88.5916485436,94.7866762048,0.0355572218,0.4737000534,10.6906344336,87.4529708243,0.0099832819,-0.2401869287,29.0766933,69.0594904428,0.2142952096,0.1278484498
NA,94,AO-F-9-10,9,10,105,1713,6,6,NA,NA,105,20:42:37 Wed 04-May-16,75.7,31.1203350956,45.4838193799,1025.4230562555,43.0926970795,2346.3476271444,519.1726750326,14261.3352920189,1452.7914735139,69.0045612822,23.8555979007,0.0330039962,0.5759005427,5.1516934048,66.1739286342,0.0210340686,0.3710811735,25.0322504466,11.9798962214,0.0940691997,0.0170096025
NA,86,AO-F-9-11,9,11,96,1704,6,6,NA,NA,96,20:08:50 Wed 04-May-16,45.8,34.5901232843,43.8765892035,1307.5914899537,53.3955209365,3071.4727883336,1246.1878697001,12216.4839378349,6331.5368898402,110.835207727,58.0666361213,0.0329259498,0.3932641147,8.2616815385,79.8593578339,0.0223948046,0.4476276455,21.9875579789,78.7261077446,0.299753421,0.0521747582
NA,64,AO-F-9-12,9,12,72,1680,6,6,NA,NA,72,18:38:48 Wed 04-May-16,65.4,15.2829773744,32.9844611381,1758.8284724122,24.1829365987,3115.8715762473,1125.5087943444,17848.8461171472,4512.0880508459,74.1288939743,38.9009098802,0.0206695217,0.3436487549,8.4210638304,55.1952570194,0.0065035761,0.5085720781,40.2367033418,55.6180860518,0.1316861175,0.0925787756
NA,97,AO-F-9-13,9,13,120,1728,6,6,NA,NA,120,21:38:55 Wed 04-May-16,110.4,22.3646746351,90.797834285,1645.6006943561,29.9194202508,2976.7898051629,1258.6429485255,17039.3102193721,3170.803104651,51.8993683746,32.0458280714,0.0192525102,0.2550033639,3.8590448523,70.4216719457,0.0064920126,-0.0088491914,25.3145987631,38.6578815433,0.1843959277,0.0233380176
NA,92,AO-F-9-14,9,14,103,1711,6,6,NA,NA,103,20:35:07 Wed 04-May-16,141.4,18.3743935078,27.8087790786,3327.5170222342,40.12890869,2860.8174802188,2425.6595319786,19948.2542561273,7104.4608347102,74.710417676,63.1863096736,0.0411887693,0.238890719,6.6666906664,44.4171058478,0.0767211143,0.0774269393,32.6776357657,92.1908025575,0.3962207876,0.041709041
NA,77,AO-F-9-15,9,15,89,1697,6,6,NA,NA,89,19:42:33 Wed 04-May-16,115,10.0156620765,92.3525860363,1269.7286694351,94.4279583566,3167.8238888571,1826.8376079557,27475.3471755206,2575.0252466109,142.4874688354,22.5280732708,0.03687419,0.5820520641,8.913113688,124.0544372755,0.0146057758,-0.1129207081,41.9038919448,30.604799298,0.3140400171,0.1521462813
NA,65,AO-F-9-16,9,16,73,1681,6,6,NA,NA,73,18:42:33 Wed 04-May-16,100.7,15.5326150956,13.5313011658,1768.6332108059,39.3636319292,3196.7872654355,2414.7537112618,25063.1229235901,3868.5677076054,104.4663921692,21.5549335971,0.0181045861,0.3232638264,6.9603668252,27.53847164,0.0075708386,0.107724125,42.0353590399,47.1096893677,0.4499815957,0.1056126185
NA,75,AO-F-9-17,9,17,92,1700,6,6,NA,NA,92,19:53:50 Wed 04-May-16,121,17.297692372,31.7678382292,924.844923086,21.2227183146,2987.1520199548,1504.3458963274,26568.9670058628,2930.2166494392,51.2089931556,20.5604893725,0.0118267462,0.2914924763,6.1240671808,45.0195132394,0.0055408112,-0.2937049688,28.9284868858,34.6772349385,0.5870512983,0.1034651344
NA,90,AO-F-9-18,9,18,100,1708,6,6,NA,NA,100,20:23:50 Wed 04-May-16,190.5,20.7977637534,120.3061441737,2159.4472555285,37.0399683255,5960.6603503971,3225.9069262588,34128.3176456762,3531.1685250006,81.7240521464,41.7102492411,0.0254606253,0.4588719229,10.2002931536,136.5472449957,0.0535175366,0.1212701086,51.9966524971,39.107139043,0.6813604138,0.0725651792
NA,96,AO-F-9-19,9,19,107,1715,6,6,NA,NA,107,20:50:06 Wed 04-May-16,105.7,7.3111432656,18.6062365969,1057.5327583116,32.0861376847,4172.6645157607,1200.750957414,19867.3673076717,3363.5761208552,75.6234778329,28.53750426,0.0189811204,0.2698271961,7.9602755665,21.1097118721,0.0131922778,0.2967598455,29.5906126651,30.8905538592,1.3325125903,0.0394231269
NA,80,AO-F-9-20,9,20,86,1694,6,6,NA,NA,86,19:31:18 Wed 04-May-16,111.1,24.3786824578,33.719279055,1368.3337476461,37.7279248349,4349.0504210232,1884.0126325057,36726.2404009904,2974.9715489296,106.6407008058,35.5708430772,0.0216769293,0.3247523553,10.8224175097,50.4877136925,0.0144716749,0.0889434186,36.5349617458,41.3017372787,0.6495953625,0.4053044574
NA,113,AO-F-10-1,10,1,126,1734,6,6,NA,NA,126,22:01:28 Wed 04-May-16,105.9,14.1814314326,26.2652582327,1097.5669456373,25.3262405427,2696.6891997852,1056.2645820137,25313.6424687975,2491.4023832285,42.1935273533,33.484441216,0.0176740831,0.4132298355,6.1455489129,36.718856207,0.0037094652,-0.0374794148,30.7520923951,26.7828752084,0.0939051894,0.0220387308
NA,104,AO-F-10-2,10,2,113,1721,6,6,NA,NA,113,21:12:40 Wed 04-May-16,102.9,12.1760002079,79.5700355546,1007.0344977451,18.0198746366,2283.7583976893,619.6816848655,23485.2469744765,2171.2864108177,34.9132717652,20.7236284548,0.0128497653,0.1823534832,4.6177353659,27.1646945041,0.0051000169,-0.3408942553,30.8142156857,25.4342949673,0.0916788649,0.0453001026
NA,101,AO-F-10-3,10,3,116,1724,6,6,NA,NA,116,21:23:55 Wed 04-May-16,142.4,7.3261577783,9.4490781444,1286.7968954543,37.9295858888,2349.9793578012,1181.4992629282,23395.1190911329,2120.5318054563,55.5365230734,28.0685841365,0.0168377834,0.2637208187,4.5498965644,23.8102237682,0.0030500162,0.0130494336,40.1965206363,28.3026644819,0.12922643,0.0947383389
NA,123,AO-F-10-4,10,4,145,1753,6,6,NA,NA,145,23:12:48 Wed 04-May-16,107.1,21.2255549152,26.9463789042,2395.6959991033,39.3097230329,2150.2828789072,1033.817979193,21287.9197256214,4939.929204193,65.6743321261,50.2888972093,0.0198807287,0.3410240445,5.7473758211,25.8053298906,0.0087981507,0.0325299156,32.1165318161,67.9854270487,0.1504526662,0.0535378063
NA,130,AO-F-10-5,10,5,137,1745,6,6,NA,NA,137,22:42:45 Wed 04-May-16,112.3,8.698562275,37.8667236973,1258.7032499377,115.2932801913,3093.3132761419,1691.5232162311,18611.5046001597,3379.2913022642,133.0443627745,36.4385256272,0.0405188972,0.3547460097,8.6660404917,39.9376827936,0.0058497515,-0.2801238111,26.685555721,44.1921711064,0.4187739616,0.0614227755
NA,137,AO-F-10-6,10,6,153,1761,6,6,NA,NA,153,23:42:51 Wed 04-May-16,138.3,24.5580567283,124.3991980121,1764.538378414,154.3429006259,3626.4106137141,1755.4822646469,17031.9514622323,2799.736508657,141.2464693103,25.9013845571,0.0562824727,0.4654465602,7.5255030165,44.7251661098,0.0051809525,0.0231449316,36.5426585578,36.1035458349,0.072293056,0.2001390324
NA,131,AO-F-10-7,10,7,136,1744,6,6,NA,NA,136,22:39:00 Wed 04-May-16,152.4,67.0194104655,48.9537727615,1804.8503309231,72.0007777668,3666.414485991,2335.0470930197,18366.0647823803,3014.5087513446,78.5077115161,37.8879357034,0.0243111236,0.1961490274,8.2320806899,41.6549007259,0.0035641129,-0.1877036695,39.9288294586,39.6167846714,0.054559573,0.046713763
NA,124,AO-F-10-8,10,8,144,1752,6,6,NA,NA,144,23:09:03 Wed 04-May-16,108.1,26.2246798932,47.7512064202,1212.7148043706,82.5036039789,3112.7021013013,1181.0733478473,18920.6816528697,2328.6288183427,94.8595315049,21.0018949824,0.0289618954,0.4871877128,7.2539525175,43.1259596788,0.0050285322,0.667188943,31.8835794049,25.3038745157,0.1593215297,0.0338852536
NA,111,AO-F-10-9,10,9,124,1732,6,6,NA,NA,124,21:53:58 Wed 04-May-16,104.3,6.6779663324,12.0829514565,2308.240479795,39.9338190325,4425.0767062,1854.3739455919,27937.6225692149,4615.4809262335,90.6608183076,38.4998255113,0.0203987209,0.3314422993,9.2240266036,34.9498955172,0.0016462233,0.0207174548,49.9044858559,59.9492322778,0.267924355,0.1072277221
NA,109,AO-F-10-10,10,10,122,1730,6,6,NA,NA,122,21:46:28 Wed 04-May-16,109.4,16.7380564526,28.7759630403,1528.8222920179,75.2980108012,3674.5326128758,1766.2244485006,22353.409913226,3575.0415432501,104.065129332,47.6297178444,0.0294703907,0.4460493159,10.5938013095,40.4871786835,0.0048398766,0.0110280102,30.7762100384,42.9920303719,0.1489746281,0.2760422874
NA,118,AO-F-10-11,10,11,132,1740,6,6,NA,NA,132,22:24:01 Wed 04-May-16,99.8,27.2139040971,124.8547299372,1092.1268665026,108.2982189602,3211.9194495807,728.4051138761,25855.2410890861,2078.2107612342,97.0287633823,34.7197722597,0.0373236584,0.5777355142,6.7145562778,38.0206502368,0.0031761883,-0.0860803081,54.3415321301,27.3365531586,0.1700895675,0.0294278081
NA,125,AO-F-10-12,10,12,143,1751,6,6,NA,NA,143,23:05:18 Wed 04-May-16,103.3,30.1349325745,93.9282128496,1499.6220521793,53.530927808,2623.6038915702,993.0992460022,20883.9949994374,2861.2612073624,75.1951839945,32.4643757914,0.0303144318,0.3958128853,4.3272215583,28.1436239915,0.0110294107,-2.0628101348,39.5298964514,34.4018663445,0.1591925695,0.0415284274
NA,116,AO-F-10-13,10,13,129,1737,6,6,NA,NA,129,22:12:43 Wed 04-May-16,138.9,15.7456912515,50.4844355936,1442.2036302873,488.6401269687,3461.3752155003,871.8161329538,17772.8444328683,2295.3087327376,406.7344504517,34.3708704416,0.146918959,1.2252819681,10.2899663576,42.7182765848,0.0114248344,-0.0300493232,30.2527268006,27.3908786773,0.110522895,0.0773413562
NA,99,AO-F-10-14,10,14,118,1726,6,6,NA,NA,118,21:31:25 Wed 04-May-16,108.9,27.9314876698,45.6485273597,1299.2390768342,225.4791083818,3447.3363407092,1552.6835319157,19482.7288272793,1380.1013617176,212.8010627135,27.8711418417,0.0701423206,0.6607707807,10.5839982961,34.4316819947,0.0123840959,-0.0467895528,33.3351112686,14.7490113658,0.1275455175,0.0749404363
NA,107,AO-F-10-15,10,15,109,1717,6,6,NA,NA,109,20:57:36 Wed 04-May-16,112.5,15.8261700006,29.7339904552,2032.7849835944,174.246894011,3586.5749507732,1616.5934896685,27135.1465610009,4587.7218088906,148.0864536517,42.6967125049,0.0608241237,0.8454316003,7.7878411874,34.8061265717,0.0155991198,-4.8779063267,62.3743976061,70.5056619717,0.05813901,0.1921220886
NA,136,AO-F-10-16,10,16,152,1760,6,6,NA,NA,152,23:39:06 Wed 04-May-16,113.2,31.5821590479,35.7071536029,1806.4383423686,111.0397619862,2731.0959408429,887.714347115,22970.0670252697,5448.2293282,142.7691823245,22.3292711176,0.0440902078,0.3726309326,6.5318310406,22.2598348499,0.0090762308,0.1031443635,23.8075959972,82.6391512163,0.0968801047,0.1007443309
NA,132,AO-F-10-17,10,17,135,1743,6,6,NA,NA,135,22:35:15 Wed 04-May-16,106.4,12.5432557617,15.5472652556,870.0671923984,37.2243968615,2975.0865220312,1990.4305081239,21727.0223579122,8580.3703771423,141.2424081749,51.4569732057,0.0194111545,0.1668324688,9.0363225913,13.2794372227,0.0048614463,-0.2838196915,20.2178973697,143.2399298373,0.3369453377,0.1519035461
NA,126,AO-F-10-18,10,18,142,1750,6,6,NA,NA,142,23:01:33 Wed 04-May-16,117.2,20.6180482417,13.4606076393,3097.7774919031,17.8249828613,3214.8032465975,1860.8437835449,14515.3933914146,10008.2935060739,73.5345477409,36.4289948368,0.0164874092,0.1831091325,7.6707691113,38.9767503573,0.0153815761,0.2475997177,17.8761464345,115.6004348979,0.6218376273,0.0799879806
NA,105,AO-F-10-19,10,19,112,1720,6,6,NA,NA,112,21:08:55 Wed 04-May-16,160.3,36.1772694637,28.7989928368,1387.2637308594,28.9317595154,2298.2106398396,900.405561545,12736.7813303935,2214.5777794506,44.6576721874,13.3651371825,0.0142402219,0.480924373,4.4905681307,14.9528302585,0.0061551925,-0.2787088528,25.5910067577,25.4517267031,0.0739502037,0.0901390577
NA,114,AO-F-10-20,10,20,127,1735,6,6,NA,NA,127,22:05:13 Wed 04-May-16,105.3,59.9781254369,110.6307119696,1300.1197894151,85.8351009115,2405.7736494187,553.7374691728,11843.0311726245,1479.6729020823,85.125942598,15.3255782025,0.0316445633,0.7640995766,5.6892050742,19.4078300723,0.0036922361,-0.1899427119,28.6604549929,15.4312706416,0.0723744432,0.0847373737
