germday,harvestage,biomass,shoot.root,shoot,root,hairs,final.height,final.stem,final.lvs,avggerm,seeds.planted,totgerms
5,50,1.69,0.8988764045,0.8,0.89,13,14.2,5.89,7,6,3,3
4,50,1.37,1.0447761194,0.7,0.67,0,20.8,5.15,6,5.5,2,2
4,50,2.61,1.5096153846,1.57,1.04,0,33.7,4.66,7,5.5,3,2
3,50,3.23,1.1824324324,1.75,1.48,8,35.9,5.13,6,3,3,3
5,50,3.53,1.3223684211,2.01,1.52,0,16.6,10.48,7,5,3,1
10,51,3.8,0.8357487923,1.73,2.07,0,25.6,7.31,6,11,3,2
NA,NA,NA,NA,NA,NA,NA,NA,NA,NA,NA,3,0
3,50,3.32,0.9644970414,1.63,1.69,3,40.3,4.9,6,3.5,3,2
3,50,3.52,1.0584795322,1.81,1.71,0,35.5,6.09,6,3.5,3,2
2,50,3.14,1.2112676056,1.72,1.42,9,41.2,4.37,6,2,3,3
3,50,3.75,1.106741573,1.97,1.78,4,37.5,4.43,7,9.6666666667,3,3
2,50,1.55,1.5409836066,0.94,0.61,0,30.5,4.35,6,3,3,3
2,50,3.54,1.1071428571,1.86,1.68,2,30.5,7.47,6,3.25,4,4
4,50,3.22,2.0666666667,2.17,1.05,11,50.4,5.74,7,4,1,1
2,50,3.79,0.9947368421,1.89,1.9,9,30.4,8.38,7,3.3333333333,3,3
7,51,4.29,1.5688622754,2.62,1.67,24,44.4,4.6,6,7,1,1
4,50,3.3,1.1568627451,1.77,1.53,0,37.5,5.36,7,6.3333333333,3,3
2,50,2.85,1.3170731707,1.62,1.23,6,36.9,5.74,7,2.3333333333,3,3
2,50,2.67,1.2627118644,1.49,1.18,11,47.5,5.57,7,6.5,3,2
2,50,4.08,1.0298507463,2.07,2.01,10,38.9,6.97,6,2,3,3
4,50,2.75,1.2,1.5,1.25,0,44.3,4.18,7,17.3333333333,3,3
2,50,3.81,1.0934065934,1.99,1.82,5,28,7.76,6,2.6666666667,3,3
2,50,3.55,1.100591716,1.86,1.69,14,44.2,4.87,7,2.5,3,2
5,50,3.89,0.9948717949,1.94,1.95,0,30.7,6.58,7,5.5,3,2
3,50,4.88,1.0165289256,2.46,2.42,0,27.3,10.8,6,3.5,3,2
2,50,5.54,1.0145454545,2.79,2.75,0,32.9,9.2,7,2,3,3
3,50,4.77,1.2606635071,2.66,2.11,9,47.3,5.89,7,9,4,4
5,50,3.77,1.6180555556,2.33,1.44,0,47.5,4.98,6,6.5,3,2
3,50,1.78,0.8736842105,0.83,0.95,0,22.7,6.7,7,4.6666666667,3,3
2,50,4.26,1.4912280702,2.55,1.71,4,41.7,5.72,6,2,3,1
2,50,NA,NA,NA,NA,NA,NA,NA,NA,2.3333333333,3,3
2,50,1.82,1.4594594595,1.08,0.74,10,45.1,3.22,6,3.6666666667,3,3
3,50,3.46,1.1898734177,1.88,1.58,0,56.5,4.92,6,4.3333333333,3,3
2,50,3.45,1.3793103448,2,1.45,0,48.6,4.64,7,2.3333333333,3,3
NA,NA,NA,NA,NA,NA,NA,NA,NA,NA,NA,3,0
2,50,2.48,1.0840336134,1.29,1.19,9,30.5,5.8,6,2.6666666667,3,3
10,51,3.69,1.8828125,2.41,1.28,16,30.9,8.35,7,17.5,3,2
2,50,4.17,1.2786885246,2.34,1.83,0,40.8,7.08,6,2,3,3
NA,NA,NA,NA,NA,NA,NA,NA,NA,NA,NA,3,0
2,50,4.59,1.5642458101,2.8,1.79,4,NA,6.76,6,2.3333333333,3,3
2,50,4.37,1.2182741117,2.4,1.97,18,54.1,4.85,6,10.6666666667,3,3
2,50,4.73,1.0127659574,2.38,2.35,10,36.8,7.36,6,2,3,3
12,49,1.35,1.1774193548,0.73,0.62,0,18.1,5.43,7,19,3,2
19,49,3.59,1.6992481203,2.26,1.33,0,25.9,8.4,6,19,3,1
2,50,2.8,1.9787234043,1.86,0.94,13,56.6,4.46,6,3,3,2
2,50,3.1,1.3308270677,1.77,1.33,0,48.8,4.23,7,2,3,2
2,50,2.62,1.4259259259,1.54,1.08,6,35,6.34,6,4,3,3
4,50,3.44,0.9217877095,1.65,1.79,1,17.6,10.34,7,6.6666666667,3,3
5,50,4.4,1.4858757062,2.63,1.77,7,44.9,5.36,6,8.5,3,2
NA,NA,NA,NA,NA,NA,NA,NA,NA,NA,NA,3,0
5,50,3.66,1.1279069767,1.94,1.72,0,24.3,8.06,7,16,3,2
6,50,2.83,1.2822580645,1.59,1.24,8,NA,5.82,7,9,3,2
8,50,4.55,1.5418994413,2.76,1.79,0,35.4,6.47,6,11.5,3,2
6,50,3.55,1.3051948052,2.01,1.54,7,46,4.27,6,6,3,1
2,50,4.53,1.1469194313,2.42,2.11,9,51.4,5.27,6,2,3,3
NA,NA,NA,NA,NA,NA,NA,NA,NA,NA,NA,3,0
3,50,3.11,1.1156462585,1.64,1.47,0,23.1,10.16,8,5.5,3,2
2,50,3.16,2.0980392157,2.14,1.02,5,55.2,6.92,7,7.6666666667,3,3
17,51,2.26,1.3789473684,1.31,0.95,0,16.6,7.2,6,17,3,1
2,50,1.35,1.7551020408,0.86,0.49,5,30.6,2.96,6,2.3333333333,3,3
2,50,3.73,0.8374384236,1.7,2.03,11,NA,6.52,6,2,3,2
2,50,NA,NA,0.04,NA,NA,NA,NA,NA,2,3,3
3,50,4.51,1.1578947368,2.42,2.09,0,37.6,6.31,6,3,3,1
NA,NA,NA,NA,NA,NA,NA,NA,NA,NA,NA,3,0
2,50,2.45,1.5,1.47,0.98,10,49.7,4.5,6,11,3,2
14,51,3.65,1.28125,2.05,1.6,6,34.1,6.6,5,14,3,3
2,50,0.95,1.2619047619,0.53,0.42,0,18.9,4.63,6,7,3,2
3,50,3.91,2.313559322,2.73,1.18,7,63.3,4.64,6,3.5,3,2
2,50,3.89,1.0691489362,2.01,1.88,0,52.1,4.53,6,3,3,3
2,50,5.51,0.8245033113,2.49,3.02,8,NA,8.21,6,2.5,3,2
2,50,4.7,1.0796460177,2.44,2.26,5,46.6,7.02,6,3.3333333333,3,3
2,50,1.78,0.9347826087,0.86,0.92,11,27.3,4.35,6,2,3,3
4,50,3.21,0.9221556886,1.54,1.67,3,29.5,7.39,7,5,3,2
2,50,3.76,1.0888888889,1.96,1.8,7,38,6.12,7,2,3,3
5,50,4.88,0.90625,2.32,2.56,0,28.5,9.18,7,7,3,2
40,61,1.21,0.5921052632,0.45,0.76,17,10.5,5,5,40,3,1
4,50,1.84,1.8307692308,1.19,0.65,0,48.5,3.73,6,4.5,3,2
3,50,3.7,1.4832214765,2.21,1.49,0,60.8,4.06,7,3.6666666667,3,3
4,50,2.59,1.6161616162,1.6,0.99,2,44.3,3.51,6,6,3,2
3,50,4.44,1.5964912281,2.73,1.71,8,68.6,4.31,6,11,3,2
2,50,3.44,1.4055944056,2.01,1.43,14,44.1,6.76,6,2,3,2
2,50,4.07,0.9473684211,1.98,2.09,8,48.1,6.65,6,2,3,3
3,50,0.75,1.2727272727,0.42,0.33,0,28.9,2.58,5,5.6666666667,3,3
2,50,2.29,1.3854166667,1.33,0.96,0,35.8,5.14,7,3.6666666667,3,3
2,50,3.64,0.801980198,1.62,2.02,7,45.1,3.73,6,2,3,3
3,50,3.12,0.9378881988,1.51,1.61,4,44.3,4.96,6,3,3,1
2,50,2.66,1.2931034483,1.5,1.16,8,NA,4.67,7,2,3,3
2,50,3.84,1.1694915254,2.07,1.77,15,54.6,4.53,6,2.6666666667,3,3
9,49,4.28,1.2645502646,2.39,1.89,0,50,3.97,6,12.5,3,2
7,51,2.79,1.5135135135,1.68,1.11,0,35.3,6.38,7,19,3,2
34,50,2.1,0.875,0.98,1.12,0,21.5,3.76,6,34,3,1
NA,NA,NA,NA,NA,NA,NA,NA,NA,NA,NA,3,0
2,50,4.19,1.004784689,2.1,2.09,9,46.6,5.48,7,2.3333333333,3,3
2,50,2.63,1.4811320755,1.57,1.06,0,45.3,4.66,6,2,3,2
NA,NA,NA,NA,NA,NA,NA,NA,NA,NA,NA,3,0
19,49,3.97,1.6118421053,2.45,1.52,0,29.2,8,5,19,3,1
3,50,4.08,0.7215189873,1.71,2.37,0,29.8,6.09,7,3.6666666667,3,3
3,50,3.96,1.0842105263,2.06,1.9,0,40.1,5.78,6,3,3,1
2,50,4.45,1.1601941748,2.39,2.06,0,45.1,5.36,7,2,3,2
3,50,5.65,1.2420634921,3.13,2.52,2,51,7.08,7,11,3,2
2,50,4.87,0.8730769231,2.27,2.6,0,49.2,6.1,6,2,3,2
4,50,2.97,1.6283185841,1.84,1.13,0,43.3,4.19,7,6.5,3,2
3,50,4.17,1.4104046243,2.44,1.73,0,42.6,6.33,7,3.3333333333,3,3
3,50,3.31,1.1633986928,1.78,1.53,6,46.1,5.31,6,3,3,3
17,51,2.48,1.2545454545,1.38,1.1,0,16.4,8,7,17,3,1
10,51,4.98,1.1101694915,2.62,2.36,5,40.3,4.54,6,11.5,3,2
7,51,4.08,1.5341614907,2.47,1.61,5,37.5,5.8,7,23.5,3,2
3,50,3.03,1.3488372093,1.74,1.29,1,42.2,4.39,7,8,3,3
2,50,2.55,1.0564516129,1.31,1.24,0,29.4,3.87,7,2,3,3
2,50,3.67,1.6028368794,2.26,1.41,0,34.9,6.93,6,2,2,1
4,50,1.8,1.7272727273,1.14,0.66,4,37.7,3.89,6,4,3,3
3,50,3.56,1.253164557,1.98,1.58,0,41.6,5.06,6,4.3333333333,3,3
2,50,4.23,1.64375,2.63,1.6,0,47.5,5.87,6,3.3333333333,3,3
3,50,4.27,1.4825581395,2.55,1.72,3,43.7,4.83,6,3.5,3,2
2,50,2.42,1.3047619048,1.37,1.05,0,30.3,6.44,6,2,3,3
9,49,4.77,1.3268292683,2.72,2.05,18,48.4,4.45,6,9,3,1
5,50,2.32,2.012987013,1.55,0.77,34,37.9,5.42,7,5,2,1
6,50,3.98,0.8862559242,1.87,2.11,3,29.2,7.63,7,7.5,3,2
4,50,3.77,1.1179775281,1.99,1.78,2,43.9,6,7,4.5,3,2
21,51,3.12,1.328358209,1.78,1.34,21,22,5,7,27.6666666667,3,3
3,50,3.24,0.8728323699,1.51,1.73,0,21.7,8.64,6,4.6666666667,3,3
18,50,2.57,0.9769230769,1.27,1.3,0,19,8.4,5,19.3333333333,3,3
2,50,4.92,0.9446640316,2.39,2.53,3,35.2,7.84,6,2.3333333333,3,3
3,50,3.91,1.1843575419,2.12,1.79,0,49.3,5.33,7,4,3,2
3,50,2.72,1.5420560748,1.65,1.07,0,52.9,3.63,7,4.75,4,4
2,50,4.17,1.2663043478,2.33,1.84,0,NA,6.19,6,2.3333333333,3,3
3,50,3.02,1.2205882353,1.66,1.36,5,49,4.26,6,3.5,3,2
16,49,3.54,0.9032258065,1.68,1.86,0,32,7.5,6,21,3,2
4,50,1.48,0.9220779221,0.71,0.77,1,19,6.39,6,8,3,2
3,50,3.38,1.152866242,1.81,1.57,0,45.1,4.42,6,7,3,3
4,50,2.84,1.406779661,1.66,1.18,4,39,4.66,6,6.6666666667,3,3
4,50,3.61,1.375,2.09,1.52,5,31.2,8.11,6,7.5,3,2
2,50,3.41,1.1180124224,1.8,1.61,0,25.1,7.96,6,2,3,1
2,50,3.98,1.1058201058,2.09,1.89,6,NA,4.87,6,2,3,3
17,51,3.16,1.46875,1.88,1.28,0,24.7,5.8,6,17,3,1
5,50,4.67,0.9621848739,2.29,2.38,0,21.1,9.49,7,9.5,3,2
2,50,2.84,1.3666666667,1.64,1.2,4,46.7,2.96,7,4.6666666667,3,3
2,50,3.26,1.3120567376,1.85,1.41,11,37.5,6.42,6,4.75,4,4
2,50,3.08,1.1388888889,1.64,1.44,0,44.9,5.7,7,10,3,3
2,50,4.02,1.3647058824,2.32,1.7,3,45.9,6.21,6,2,3,3
2,50,1.64,1.447761194,0.97,0.67,9,35.3,4.91,6,2.5,2,2
NA,NA,NA,NA,NA,NA,NA,NA,NA,NA,NA,3,0
3,50,3.93,1.0051020408,1.97,1.96,0,32.8,6.39,6,5.6666666667,3,3
2,50,3.74,0.8606965174,1.73,2.01,4,35.9,6.3,7,2,3,2
3,50,4.26,1.4482758621,2.52,1.74,0,37.7,8.85,7,4.3333333333,3,3
4,50,3.98,0.9043062201,1.89,2.09,17,41.7,4.82,7,6.3333333333,3,3
NA,NA,NA,NA,NA,NA,NA,NA,NA,NA,NA,3,0
NA,NA,NA,NA,NA,NA,NA,NA,NA,NA,NA,3,0
2,50,3.45,1.1974522293,1.88,1.57,8,43.7,5.36,7,3.6666666667,3,3
2,50,4.39,1.2284263959,2.42,1.97,2,51.3,4.67,6,2.6666666667,3,3
2,50,3.2,1.3188405797,1.82,1.38,0,38.4,6.28,6,2.6666666667,3,3
2,50,3.18,1.2083333333,1.74,1.44,0,43.1,4.93,7,3,3,3
2,50,3.17,1.536,1.92,1.25,12,42.4,6.46,7,2,3,3
2,50,3.23,1.5634920635,1.97,1.26,3,47.3,6.36,7,2.3333333333,3,3
43,58,2.66,0.8732394366,1.24,1.42,28,16.5,4.1,6,43,3,1
2,50,3.6,1.0111731844,1.81,1.79,0,43.2,5.01,7,2,3,3
4,50,3.76,0.9894179894,1.87,1.89,37,28.1,6.48,6,5.5,3,2
4,50,4.52,0.9824561404,2.24,2.28,0,38.4,5.85,6,5,3,2
2,50,3.02,1.2205882353,1.66,1.36,5,34.9,7.58,7,4,3,2
2,50,3.76,0.8894472362,1.77,1.99,0,33.8,7,7,10.5,2,2
3,50,2.88,1.0425531915,1.47,1.41,0,35.9,4.27,6,3,3,3
NA,NA,NA,NA,NA,NA,NA,NA,NA,NA,NA,2,0
3,50,3.1,1.1088435374,1.63,1.47,10,36.5,4.67,7,3.6666666667,3,3
2,50,3.34,1.6935483871,2.1,1.24,9,45.9,4.2,6,5.6666666667,3,3
NA,NA,NA,NA,NA,NA,NA,NA,NA,NA,NA,3,0
2,50,3.88,1.4871794872,2.32,1.56,5,44.2,6.27,7,3.3333333333,3,3
2,50,2.46,1.4848484848,1.47,0.99,6,33.9,5.32,6,2.3333333333,3,3
2,50,2.53,1.3,1.43,1.1,0,35.2,4.02,6,2,3,1
3,50,0.7,2.0434782609,0.47,0.23,4,27.6,2.39,6,3,3,3
3,50,0.05,0.6666666667,0.02,0.03,NA,NA,NA,NA,9.3333333333,3,3
2,50,2.48,1.1565217391,1.33,1.15,0,40.2,3.23,6,2,3,3
2,50,3.08,1.5454545455,1.87,1.21,0,47.7,5.95,6,2.3333333333,3,3
2,50,3.66,1.4563758389,2.17,1.49,9,45.9,5.44,6,9,3,2
2,50,3.16,1.46875,1.88,1.28,2,37.7,6.62,6,4,5,5
2,50,3.91,1.3696969697,2.26,1.65,0,50.3,4.75,6,3.3333333333,3,3
2,50,2.16,1.1818181818,1.17,0.99,0,47,3.75,7,2.3333333333,3,3
2,50,4.1,1.5949367089,2.52,1.58,0,37.8,5.15,7,3.3333333333,3,3
10,51,4.56,1.1408450704,2.43,2.13,0,31.2,8.59,6,13.6666666667,3,3
2,50,2.72,1.1417322835,1.45,1.27,0,33.9,6.57,6,2,2,2
5,50,3.68,1.021978022,1.86,1.82,4,30.8,6.58,6,5,3,1
2,50,3.97,1.2816091954,2.23,1.74,10,28.4,7.4,8,2.6666666667,3,3
2,50,3.93,1.0257731959,1.99,1.94,6,29.2,7.88,6,5.6666666667,3,3
5,50,4.96,2.8153846154,3.66,1.3,21,54.5,6.65,6,5,3,1
2,50,3.49,1.2662337662,1.95,1.54,5,30.2,6.87,6,2,3,3
2,50,2.26,1.306122449,1.28,0.98,0,48.6,3.18,6,2.3333333333,3,3
25,52,2.36,1.1454545455,1.26,1.1,0,19,5.2,6,25,3,2
2,50,3.55,1.6102941176,2.19,1.36,8,41.3,6.76,6,9,3,3
7,51,1.96,1.085106383,1.02,0.94,0,29.7,2.7,6,12.3333333333,3,3
2,50,2.49,1.8620689655,1.62,0.87,6,56.6,3.41,6,2.6666666667,3,3
3,50,4.4,0.9909502262,2.19,2.21,0,32.5,6.92,6,3,3,2
2,50,2.68,1.5046728972,1.61,1.07,0,39.5,3.56,6,2.6666666667,3,3
3,50,3.92,0.9698492462,1.93,1.99,0,28.5,7.37,7,3.6666666667,3,3
NA,NA,NA,NA,NA,NA,NA,NA,NA,NA,NA,3,0
6,50,4.65,1.2682926829,2.6,2.05,1,26.6,7.36,6,9,3,2
11,50,4.33,1.1330049261,2.3,2.03,0,31,8.7,7,12,2,2
2,50,2.5,1.5773195876,1.53,0.97,10,49.4,4.68,7,2.6666666667,3,3
3,50,3.43,1.0416666667,1.75,1.68,0,41.8,5.45,7,3.6666666667,3,3
2,50,3.4,1.0987654321,1.78,1.62,0,36.7,6.34,6,2.6666666667,3,3
14,51,1.78,1.0459770115,0.91,0.87,0,20.8,7.1,5,14,3,1
3,50,3.43,1.0787878788,1.78,1.65,0,37.1,5.59,6,5,3,3
2,50,2.13,2.2272727273,1.47,0.66,7,49,4.29,6,2.6666666667,3,3
2,50,3.31,0.9244186047,1.59,1.72,0,40.9,5.49,6,2.5,3,2
2,50,3.31,1.3985507246,1.93,1.38,8,31.8,7.53,6,2.6666666667,3,3
2,50,3.72,1.2682926829,2.08,1.64,5,28.3,8.23,7,10,3,3
2,50,3.34,0.9880952381,1.66,1.68,4,27.2,5.38,8,2.3333333333,3,3
NA,NA,NA,NA,NA,NA,NA,NA,NA,NA,NA,3,0
3,50,4.23,1.64375,2.63,1.6,0,37.3,5.68,6,3,3,2
28,49,1.15,1.3469387755,0.66,0.49,0,18.7,4,5,34,3,2
2,50,1.26,1.2105263158,0.69,0.57,0,21.1,4.05,6,14,3,2
2,50,3.48,1.1886792453,1.89,1.59,0,44.3,6.88,6,2,3,3
2,50,3.85,0.9543147208,1.88,1.97,0,44.2,5.18,6,2,3,3
NA,NA,NA,NA,NA,NA,NA,NA,NA,NA,NA,3,0
6,50,5.35,1.8157894737,3.45,1.9,4,43.4,6.16,6,6,3,1
2,50,2.17,1.7125,1.37,0.8,7,30.2,6.14,7,2,3,3
3,50,3.22,1.6178861789,1.99,1.23,5,49.2,5.81,7,3,3,3
6,50,1.87,1.8333333333,1.21,0.66,0,29.6,8.02,6,6,2,2
3,50,3.94,1.0102040816,1.98,1.96,11,29.4,9.16,7,4,3,2
2,50,3.56,1.4054054054,2.08,1.48,0,34.3,7.03,7,2,3,1
2,50,3.05,1.5416666667,1.85,1.2,0,49.6,4.69,7,2,3,2
2,50,3.82,1.5298013245,2.31,1.51,0,40.3,5.53,7,3.5,3,2
3,50,3.28,1.6451612903,2.04,1.24,0,48.4,4.62,6,18.6666666667,3,3
5,50,2.42,2.5588235294,1.74,0.68,35,46.2,6.06,7,7.6666666667,3,3
19,49,3.57,2.57,2.57,1,0,39.7,6.2,6,29.5,3,2
7,51,4.22,1.4534883721,2.5,1.72,2,47.6,5.69,6,7,3,1
NA,NA,NA,NA,NA,NA,NA,NA,NA,NA,NA,3,0
3,50,3.5,1.1604938272,1.88,1.62,0,35.2,4.85,7,6,3,3
2,50,3.46,1.2763157895,1.94,1.52,0,42.3,4.61,7,2,3,2
5,50,4.97,1.6436170213,3.09,1.88,23,37.6,7.34,6,5,3,1
4,50,1.67,1.1973684211,0.91,0.76,1,20.6,6.12,6,11.5,3,2
15,50,3.09,1.0878378378,1.61,1.48,0,16.9,7.8,6,15,3,1
3,50,2.09,1.7142857143,1.32,0.77,6,34.3,5.05,6,3,3,3
2,50,2.49,1.7065217391,1.57,0.92,0,49.7,3.02,7,2,3,2
15,50,3.7,2.1092436975,2.51,1.19,9,38,5.9,5,17,3,2
3,50,3.75,2.2327586207,2.59,1.16,8,72.2,3.61,7,3,3,1
2,50,2.45,0.8014705882,1.09,1.36,0,32.4,5.02,7,2,3,3
35,66,3.58,1.7538461538,2.28,1.3,10,29.5,5.5,6,35,3,1
7,51,3.32,1.338028169,1.9,1.42,7,35.4,5.4,6,11,2,2
2,50,3.16,1.0927152318,1.65,1.51,4,33.7,7.51,5,2,3,3
4,50,2.28,1.0917431193,1.19,1.09,22,31,5.38,6,11.6666666667,3,3
3,50,3.68,0.8492462312,1.69,1.99,0,31.3,6.74,7,4,3,3
2,50,2.76,0.7692307692,1.2,1.56,7,25.5,6.34,7,15,3,3
2,50,2.59,1.2920353982,1.46,1.13,0,31.3,4.71,6,2,3,3
13,50,4.56,1.0917431193,2.38,2.18,24,42.3,7,6,13.5,3,2
59,42,0.71,1.6296296296,0.44,0.27,0,10.2,3.5,5,59,3,1
2,50,2.23,1.8227848101,1.44,0.79,0,58.6,4.88,6,2,3,2
2,50,4.19,1.4647058824,2.49,1.7,5,53.3,5.4,7,2,3,3
15,50,4.33,1.4602272727,2.57,1.76,0,43.1,5.2,6,15,3,1
13,50,4.38,1.4333333333,2.58,1.8,0,39.2,7.1,6,20.5,3,2
3,50,4.93,1.3145539906,2.8,2.13,4,48,6.14,6,3,3,2
26,51,3.55,1.3986486486,2.07,1.48,0,32.5,6,5,26,3,1
6,50,4.08,1.3050847458,2.31,1.77,0,41.2,6.08,6,6,3,1
2,50,3.42,1.25,1.9,1.52,0,40.9,5.13,6,2,3,3
2,50,2.91,1.4453781513,1.72,1.19,2,34.1,4.97,6,2,3,2
43,58,2.52,0.7622377622,1.09,1.43,0,17.2,4.18,7,43,3,1
2,50,2.51,1.0573770492,1.29,1.22,0,42.9,4.84,6,3.6666666667,3,3
3,50,3.85,1.225433526,2.12,1.73,3,47.1,4.81,7,3,3,3
4,50,3.19,0.9101796407,1.52,1.67,0,34,6.68,6,4.5,3,2
2,50,3.2,0.9393939394,1.55,1.65,0,31.7,7.06,8,10.5,4,4
4,50,3.96,1.2,2.16,1.8,8,52.6,4.33,7,5.3333333333,3,3
5,50,4.59,1.5642458101,2.8,1.79,0,53.5,5.45,6,5,3,2
2,50,2.83,1.3781512605,1.64,1.19,4,52.4,4.42,7,2,3,1
2,50,3.51,1.1402439024,1.87,1.64,10,44.7,6.81,7,6.3333333333,3,3
13,50,3.49,0.9071038251,1.66,1.83,0,22.4,7.4,6,16.5,3,2
2,50,1.58,0.9036144578,0.75,0.83,0,21.1,4.37,7,2.6666666667,3,3
10,51,3.58,0.7463414634,1.53,2.05,0,21.7,7.34,7,12.5,3,2
21,51,3.37,0.7736842105,1.47,1.9,19,14.2,6,7,24.5,3,2
2,50,3.74,1.2395209581,2.07,1.67,2,28.6,8.76,6,2,3,2
3,50,4.44,1.3005181347,2.51,1.93,4,50.3,5.34,7,3.6666666667,3,3
16,49,2.72,0.9154929577,1.3,1.42,0,24.2,6,5,23,3,2
2,50,2.61,1.9659090909,1.73,0.88,0,50.8,4.78,6,7,3,3
4,50,3.54,1.95,2.34,1.2,4,50.2,5.44,6,6.6666666667,3,3
15,50,3.48,1.1481481481,1.86,1.62,0,23.8,7.2,6,18,3,2
2,50,3.16,0.9874213836,1.57,1.59,0,33.2,6.27,6,2.3333333333,3,3
14,51,3.78,0.89,1.78,2,0,22.9,8.5,6,16,3,3
3,50,3.65,1.0857142857,1.9,1.75,9,33.6,6.65,7,4,3,2
4,50,1.79,0.7549019608,0.77,1.02,0,18.4,6.12,7,10.6666666667,3,3
16,49,4.29,0.7368421053,1.82,2.47,9,26.3,6.5,5,16,3,1
2,50,3.32,1.1282051282,1.76,1.56,0,37.5,5.24,6,2.6666666667,3,3
2,50,3.32,1.2585034014,1.85,1.47,8,43.7,5.66,6,2,3,3
2,50,3.98,0.9800995025,1.97,2.01,0,32.7,7.62,7,2,3,3
2,50,3.86,1.2840236686,2.17,1.69,0,49.1,6.64,6,2,3,3
16,49,3.84,1.0869565217,2,1.84,0,28.9,6.5,5,21,3,2
3,50,3.66,1.3164556962,2.08,1.58,0,55.5,4,6,3.5,3,2
3,50,3.16,1.6554621849,1.97,1.19,0,53.8,3.77,8,3,3,2
21,51,3.39,0.9152542373,1.62,1.77,20,14.7,7,7,21,2,1
2,50,4.04,1.0099502488,2.03,2.01,12,38.2,5.06,6,2,3,1
2,50,4.23,1.0336538462,2.15,2.08,0,41.9,6.67,7,2,2,1
NA,NA,NA,NA,NA,NA,NA,NA,NA,NA,NA,0,0
3,50,3.95,1.2965116279,2.23,1.72,2,42.4,4.26,6,3,1,1
2,50,3.58,1.1963190184,1.95,1.63,0,31.4,8.55,6,2,3,1
2,50,3.84,1.2994011976,2.17,1.67,2,36.7,7.12,6,2.5,2,2
5,50,3.56,1.4895104895,2.13,1.43,0,39,5.89,6,14.5,3,2
2,50,4.1,1.5308641975,2.48,1.62,4,43.3,5.67,6,2.3333333333,3,3
17,51,4.16,1.9714285714,2.76,1.4,0,38.2,8,6,17,3,1
2,50,3.22,1.2676056338,1.8,1.42,10,62.4,5.22,6,2,3,3
3,50,2.9,1.8431372549,1.88,1.02,7,37.3,6.14,6,4,3,3
3,50,2.75,1.7777777778,1.76,0.99,1,41.2,4.14,6,3,3,1
3,50,3.59,1.0397727273,1.83,1.76,0,37.9,6.97,6,3.3333333333,3,3
2,50,3.9,0.875,1.82,2.08,0,39,5.55,6,2,3,3
2,50,2.18,1.2708333333,1.22,0.96,0,23.7,4.61,7,2.6666666667,3,3
2,50,2.29,1.0265486726,1.16,1.13,0,30.2,5.29,6,2.5,3,2
3,50,1.33,0.9275362319,0.64,0.69,0,15.5,6.49,8,6.3333333333,3,3
4,50,3.95,2.0384615385,2.65,1.3,1,50,4.03,7,4,1,1
2,50,3.88,1.4713375796,2.31,1.57,5,38,7.45,6,5.3333333333,3,3
6,50,4.05,1.0454545455,2.07,1.98,0,31.3,7.68,6,6,3,1
3,50,4.03,1.3430232558,2.31,1.72,9,53,4.52,6,3,3,3
NA,NA,NA,NA,NA,NA,NA,NA,NA,NA,NA,3,0
3,50,3.22,1.4769230769,1.92,1.3,11,47.6,3.65,7,3.6666666667,3,3
2,50,3.08,1.8256880734,1.99,1.09,11,45.9,3.98,6,2,3,3
15,50,3.95,1.0360824742,2.01,1.94,6,38.1,8.1,6,15.5,3,2
18,50,3.87,0.935,1.87,2,0,24.9,9,6,22.5,3,2
2,50,3.97,1.2303370787,2.19,1.78,0,39,4.04,7,3.25,4,4
NA,NA,NA,NA,NA,NA,NA,NA,NA,NA,NA,3,0
2,50,2.8,2.4567901235,1.99,0.81,12,38.4,4.14,7,3.3333333333,3,3
72,29,0.71,1.2903225806,0.4,0.31,0,17.3,3.5,4,72,2,1
2,50,3.67,1.4466666667,2.17,1.5,9,39.6,6.62,6,3.5,2,2
2,50,3.88,1.6575342466,2.42,1.46,0,47.4,4.52,6,3,4,4
6,50,2.91,1.7196261682,1.84,1.07,0,35,5.74,6,7.3333333333,3,3
NA,NA,NA,NA,NA,NA,NA,NA,NA,NA,NA,0,0
5,50,1.94,1.2823529412,1.09,0.85,0,29.5,6.05,6,10,3,3
2,50,4.34,1.4111111111,2.54,1.8,0,38.6,8.2,7,2.5,2,2
2,50,3.46,1.322147651,1.97,1.49,7,39.2,3.74,6,2.3333333333,3,3
NA,NA,NA,NA,NA,NA,NA,NA,NA,NA,NA,3,0
3,50,4.72,1.2159624413,2.59,2.13,9,34.7,9.23,6,3.5,3,2
2,50,3.24,1.6129032258,2,1.24,0,34.2,5.94,7,2,3,2
18,50,3.79,1.2831325301,2.13,1.66,0,26.2,9.2,6,21.5,3,2
16,49,2.78,1.3361344538,1.59,1.19,0,24.3,8,6,16,3,1
4,50,3.07,1.9519230769,2.03,1.04,0,49.5,5.68,6,5.5,3,2
2,50,3.99,1.5253164557,2.41,1.58,0,41.4,7.05,7,2.6666666667,3,3
4,50,2.68,1.8817204301,1.75,0.93,0,40.5,4.39,7,6,3,3
5,50,4.75,1.5675675676,2.9,1.85,28,43.8,7.63,7,7,3,2
2,50,5.03,1.2455357143,2.79,2.24,0,37,6.38,6,2.6666666667,3,3
NA,NA,NA,NA,NA,NA,NA,NA,NA,NA,NA,0,0
17,51,4.86,1.627027027,3.01,1.85,0,36.6,8.7,5,17,3,1
4,50,4.33,1.3661202186,2.5,1.83,5,52.5,5.43,7,5,3,2
2,50,3.42,1.0117647059,1.72,1.7,4,24.8,7.28,7,15,3,2
3,50,3.18,1.0516129032,1.63,1.55,0,28.5,6.36,7,3,2,2
NA,NA,NA,NA,NA,NA,NA,NA,NA,NA,NA,3,0
3,50,3.76,1.1988304094,2.05,1.71,0,33,6.64,7,3,3,3
3,50,2.64,1.693877551,1.66,0.98,0,34.5,5.49,6,4,3,2
3,50,3.29,1.8362068966,2.13,1.16,6,45.3,6.92,6,3.3333333333,3,3
9,49,4.25,1.6234567901,2.63,1.62,21,46.5,3.39,7,11.3333333333,3,3
11,50,3.83,1.1638418079,2.06,1.77,0,23.3,9.3,8,13.3333333333,3,3
2,50,1.68,1.7096774194,1.06,0.62,0,34.6,5.11,7,3.6666666667,3,3
16,49,4.31,1.7278481013,2.73,1.58,0,38,5.5,6,25,3,2
3,50,3.37,1.1741935484,1.82,1.55,2,34.3,5.65,7,3.3333333333,3,3
NA,NA,NA,NA,NA,NA,NA,NA,NA,NA,NA,3,0
4,50,3.55,1.2756410256,1.99,1.56,20,34.7,5.25,6,8.3333333333,3,3
2,50,3.75,1.2590361446,2.09,1.66,3,35.3,5.74,7,11.5,4,4
4,50,3.07,1.2910447761,1.73,1.34,8,35.6,5.76,7,4,3,1
9,49,3.91,1.3841463415,2.27,1.64,39,26.6,7.95,6,9,3,1
9,49,3.76,1.1988304094,2.05,1.71,0,17.7,7.28,8,10.5,3,2
2,50,3.54,1.2987012987,2,1.54,5,33.2,4.95,6,9.2,5,5
4,50,3.06,1.1398601399,1.63,1.43,0,21.6,9.76,8,4,3,1
5,50,3.42,0.988372093,1.7,1.72,0,19.9,10.53,7,9.6666666667,3,3
11,50,1.85,1.0555555556,0.95,0.9,0,16.5,7.03,8,11.6666666667,3,3
4,50,3.13,0.3849557522,0.87,2.26,3,40.1,6.86,7,4,3,1
4,50,4.27,1.2239583333,2.35,1.92,0,45.5,5.14,7,4,2,1
3,50,4.84,0.8473282443,2.22,2.62,0,27.5,8.38,6,3,3,2
35,66,4.29,1.0825242718,2.23,2.06,58,29.5,5.2,7,35,3,1
3,50,3.21,1.0980392157,1.68,1.53,0,34.5,4.97,6,3,3,1
11,50,4.01,0.7434782609,1.71,2.3,0,12.7,9.76,7,15,3,2
6,50,3.21,1.2928571429,1.81,1.4,8,35.3,5.92,6,7.5,3,2
4,50,2.75,1.5,1.65,1.1,0,43.9,5.59,8,4,1,1
3,50,3.25,1.2569444444,1.81,1.44,6,37,3.57,6,5,3,3
9,49,3.45,1.5939849624,2.12,1.33,12,42.9,3.58,7,12.5,3,2
NA,NA,NA,NA,NA,NA,NA,NA,NA,NA,NA,3,0
12,49,0.9,1.0930232558,0.47,0.43,0,15.8,5.86,6,18.6666666667,3,3
14,51,3.19,1.0318471338,1.62,1.57,0,27.7,7.7,6,14,3,1
3,50,2.81,1.4017094017,1.64,1.17,0,38,4.49,6,5,3,2
4,50,3.52,1.5142857143,2.12,1.4,16,33,7.19,6,19.5,3,2
3,50,2.07,1.4939759036,1.24,0.83,8,30.5,3.48,7,5.6666666667,3,3
2,50,3.23,1.2123287671,1.77,1.46,2,27.1,6.4,6,2.3333333333,3,3
2,50,3.59,0.8316326531,1.63,1.96,0,26.1,7.42,6,2,3,1
4,50,3.86,1.2705882353,2.16,1.7,4,31.4,8.41,6,18.3333333333,3,3
5,50,3.96,1.25,2.2,1.76,0,25.1,8.99,6,5,3,1
2,50,4.6,1.0353982301,2.34,2.26,0,31.8,6.73,7,16.3333333333,3,3
8,50,2.19,1.1683168317,1.18,1.01,0,19.6,7.78,6,8,3,1
19,49,3.86,1.5733333333,2.36,1.5,0,28.6,8,6,19,3,1
NA,NA,NA,NA,NA,NA,NA,NA,NA,NA,NA,1,0
3,50,4.38,0.8879310345,2.06,2.32,0,29,7.72,7,10.6666666667,3,3
20,49,3.78,1.1355932203,2.01,1.77,0,20.6,9.8,6,22.5,2,2
3,50,3.85,1.0588235294,1.98,1.87,0,32.9,6.86,6,3.5,2,2
6,50,2.54,1.4423076923,1.5,1.04,4,22.7,5.29,6,9,2,2
3,50,2.48,0.893129771,1.17,1.31,0,16,8.04,7,14.3333333333,3,3
13,50,3.01,0.9419354839,1.46,1.55,4,22.8,9.3,6,13,3,1
2,50,3.24,0.7802197802,1.42,1.82,0,23,6.38,7,2,3,2
3,50,3.57,0.9944134078,1.78,1.79,7,24.7,5.45,7,14.6,5,5
3,50,1.83,0.9468085106,0.89,0.94,0,22.5,5.59,6,3.6666666667,3,3
13,50,4.03,1.0251256281,2.04,1.99,16,28.4,9.2,6,21.5,3,2
28,49,2.46,1.2990654206,1.39,1.07,0,18.1,7.5,6,28,3,1
3,50,4.31,1.155,2.31,2,2,38,4.77,7,3.6666666667,3,3
3,50,3.23,1.2430555556,1.79,1.44,5,36,4.06,7,3.3333333333,3,3
3,50,2,1.6315789474,1.24,0.76,4,23.8,6.97,6,3.6666666667,3,3
3,50,3.72,0.8787878788,1.74,1.98,0,24.5,6.1,6,3,3,3
4,50,1.82,0.8383838384,0.83,0.99,0,11.1,9.15,8,5,3,2
5,50,2.77,0.9507042254,1.35,1.42,6,24.9,6.85,6,11,3,3
6,50,2.31,1.7176470588,1.46,0.85,0,35.1,5.7,6,6,3,1
4,50,3.51,0.9830508475,1.74,1.77,0,23.8,7.98,7,4,3,1
2,50,3.21,0.9573170732,1.57,1.64,0,23.8,6.2,6,5.6666666667,3,3
NA,NA,NA,NA,NA,NA,NA,NA,NA,NA,NA,3,0
3,50,3.33,0.4541484716,1.04,2.29,0,11,7.93,6,14.3333333333,3,3
6,50,1.13,0.8225806452,0.51,0.62,0,15.2,4.57,6,14.3333333333,3,3
5,50,2.96,1.4262295082,1.74,1.22,4,34.2,6.25,7,5,3,1
18,50,2.78,1.3559322034,1.6,1.18,0,27,8.6,5,18,2,1
3,50,3.43,0.7958115183,1.52,1.91,0,25.7,6.07,6,4,3,3
2,50,2.06,1.3409090909,1.18,0.88,4,26.5,3.67,6,14,2,2
17,51,3.48,0.9550561798,1.7,1.78,0,17.2,8.5,6,18.5,3,2
2,50,2.83,1.7475728155,1.8,1.03,5,41,4.65,7,2.3333333333,3,3
2,50,3.7,1.032967033,1.88,1.82,0,24.9,7.27,7,2.5,2,2
21,51,NA,NA,NA,NA,NA,NA,NA,NA,21,3,2
3,50,2.02,0.7565217391,0.87,1.15,0,31.1,3.63,5,3,2,2
3,50,3.24,1.0377358491,1.65,1.59,0,39.5,4.92,7,28,3,3
32,49,3.97,1.1005291005,2.08,1.89,21,24,5.21,6,32,2,1
2,50,3.72,1.0552486188,1.91,1.81,0,32.7,7.48,6,2,3,3
4,50,2.98,0.6021505376,1.12,1.86,0,12.2,8.44,8,10.5,2,2
2,50,2.59,0.9044117647,1.23,1.36,0,34.7,3.74,7,3,3,3
7,51,3.57,0.9508196721,1.74,1.83,1,31.2,4.14,6,7.5,3,2
2,50,0.9,0.6363636364,0.35,0.55,0,20.6,3.72,6,2.6666666667,3,3
2,50,2.27,1.2254901961,1.25,1.02,0,20,6.59,7,2.6666666667,3,3
3,50,2.71,0.9637681159,1.33,1.38,7,34.9,3.51,7,3,3,3
2,50,3.49,1.2662337662,1.95,1.54,0,42.6,3.9,6,23.25,4,4
3,50,2.01,1.0303030303,1.02,0.99,0,22.2,4.62,7,3.5,4,4
6,50,3.37,0.7282051282,1.42,1.95,0,15.6,7.11,6,13.5,3,2
2,50,3.29,1.8362068966,2.13,1.16,4,45.5,4.47,6,3.6666666667,3,3
3,50,3.35,1.0303030303,1.7,1.65,0,31,6.81,7,7.6666666667,3,3
3,50,2.99,1.1666666667,1.61,1.38,2,43,3.85,6,3,3,2
4,50,3.98,1.5189873418,2.4,1.58,0,17.3,8.2,7,5,3,2
2,50,2.07,0.8990825688,0.98,1.09,11,26.5,6.45,6,2.3333333333,3,3
2,50,3.81,0.8955223881,1.8,2.01,0,30.6,5.63,7,2,3,2
NA,NA,NA,NA,NA,NA,NA,NA,NA,NA,NA,3,0
3,50,1.88,1.1860465116,1.02,0.86,0,22.7,4.15,7,3,3,3
2,50,2.16,1.16,1.16,1,0,28.2,4.8,7,2.6666666667,3,3
2,50,3.08,0.6739130435,1.24,1.84,12,31.1,3.84,6,5.6666666667,3,3
NA,NA,NA,NA,NA,NA,NA,NA,NA,NA,NA,3,0
6,50,3.88,0.9795918367,1.92,1.96,0,35.1,5.02,7,6,3,1
3,50,3.29,1.018404908,1.66,1.63,0,40.6,6.59,6,7.5,3,2
3,50,3.4,1.2972972973,1.92,1.48,2,36.9,5.57,7,6.6666666667,3,3
4,50,3.27,1.04375,1.67,1.6,5,51.7,3.87,6,12,3,3
11,50,0.67,0.9705882353,0.33,0.34,0,20.7,2.38,4,11.5,3,2
7,51,3.98,1.3005780347,2.25,1.73,21,38.3,5.24,7,7,3,1
2,50,NA,NA,0.02,NA,NA,NA,NA,NA,2,3,2
43,58,3.08,0.8895705521,1.45,1.63,0,11,6.22,7,43,3,1
3,50,2.2,0.8181818182,0.99,1.21,0,21.5,5.61,6,3,2,1
4,50,0.72,0.6744186047,0.29,0.43,24,8.8,5.2,7,4,3,1
3,50,3.18,1.025477707,1.61,1.57,0,31.7,5.66,7,3.3333333333,3,3
3,50,3.19,0.7722222222,1.39,1.8,0,18.6,6.9,7,3,2,1
5,50,3.31,1.2986111111,1.87,1.44,2,43.4,5.48,7,8.6666666667,3,3
3,50,2.94,1.1777777778,1.59,1.35,11,39.6,6.64,7,4.5,3,2
2,50,3.76,1.5234899329,2.27,1.49,2,45.8,6.46,6,2.3333333333,3,3
3,50,3.12,1.7610619469,1.99,1.13,6,43.6,6.16,7,3,3,2
5,50,3.92,1.3757575758,2.27,1.65,0,36.3,6.81,7,6,2,2
2,50,2.82,1.1692307692,1.52,1.3,0,29.4,5.25,6,3,4,4
NA,NA,NA,NA,NA,NA,NA,NA,NA,NA,NA,3,0
3,50,2.89,1.0642857143,1.49,1.4,2,31.3,6.11,7,11.5,3,2
3,50,1.24,1.1379310345,0.66,0.58,0,21.1,5.03,7,3,2,1
2,50,2.82,1.0287769784,1.43,1.39,5,36.9,5.11,6,2.6666666667,3,3
15,50,0.92,0.7692307692,0.4,0.52,0,17.2,6.3,5,15,3,1
13,50,3.47,1.0654761905,1.79,1.68,0,20.1,10.3,6,13,3,1
2,50,3.58,1.0112359551,1.8,1.78,0,30.9,6.68,7,3,3,3
2,50,3.32,1.2896551724,1.87,1.45,0,42.8,3.66,7,2.3333333333,3,3
3,50,3.94,1.1888888889,2.14,1.8,5,42.7,6.07,7,3,3,3
2,50,2.32,1.0714285714,1.2,1.12,0,29.2,4.86,6,3.3333333333,3,3
3,50,2.55,1.04,1.3,1.25,5,37.9,5.36,6,7.5,3,2
4,50,NA,NA,NA,0.04,NA,NA,NA,NA,4.5,3,2
3,50,3.08,1.0130718954,1.55,1.53,0,28.1,6.98,6,6,3,2
2,50,3.05,1.1034482759,1.6,1.45,0,27,5.99,7,2.3333333333,3,3
5,50,2,1.380952381,1.16,0.84,0,26.9,6.3,6,5,3,1
42,59,3.05,0.9805194805,1.51,1.54,0,20,5.2,6,42,3,1
3,50,4.19,1.0640394089,2.16,2.03,0,36.2,5.89,7,3,3,1
17,51,1.93,0.7232142857,0.81,1.12,0,14.8,7.4,6,17,3,1
13,50,3.91,1.0471204188,2,1.91,0,22.3,10.6,7,15,3,2
3,50,2.29,1.632183908,1.42,0.87,0,43.5,4.13,6,13.6666666667,3,3
2,50,2.97,1.2164179104,1.63,1.34,0,28.7,5.08,6,3.5,2,2
3,50,1.93,1.7571428571,1.23,0.7,14,56.2,4.39,6,8.3333333333,3,3
3,50,3.19,1.5118110236,1.92,1.27,7,NA,4.26,6,3,1,1
2,50,3.42,0.9213483146,1.64,1.78,0,32.8,5.74,7,4,3,2
2,50,3.63,0.9516129032,1.77,1.86,4,39,6.22,7,2.6666666667,3,3
2,50,2.8,1.1875,1.52,1.28,11,33.7,5.53,7,5.3333333333,3,3
13,50,3.11,0.9683544304,1.53,1.58,5,25,5.8,6,14.5,3,2
2,50,3.67,1.1715976331,1.98,1.69,0,NA,6.24,7,2.3333333333,3,3
3,50,3.3,0.9298245614,1.59,1.71,0,19.2,8.9,7,3,3,1
3,50,3.46,1.703125,2.18,1.28,15,52.9,4.74,6,3.5,3,2
5,50,3.82,1.5466666667,2.32,1.5,6,58.8,5.06,6,5,2,1
3,50,3.34,1.3857142857,1.94,1.4,0,43.6,6.05,7,13,3,3
13,50,4.03,1.316091954,2.29,1.74,7,34.7,6.9,6,13,3,2
3,50,3.73,0.7761904762,1.63,2.1,0,22.8,5.99,6,4.6666666667,3,3
64,37,0.64,0.8285714286,0.29,0.35,0,16.9,3.5,5,64,3,1
3,50,2.64,1.5142857143,1.59,1.05,6,44.8,4.56,7,13.3333333333,3,3
2,50,0.88,1.0465116279,0.45,0.43,0,14.1,4.51,6,2.5,3,2
3,50,3.14,0.880239521,1.47,1.67,0,28.7,6.13,6,6,3,2
12,49,1.23,1.7333333333,0.78,0.45,7,18.3,4.78,7,12,3,1
6,50,1.36,2.1627906977,0.93,0.43,6,34.3,2.52,6,20.3333333333,3,3
NA,NA,NA,NA,NA,NA,NA,NA,NA,NA,NA,1,0
3,50,5.39,1.313304721,3.06,2.33,0,51.7,7.1,7,15.75,4,4
4,50,4.28,1.2887700535,2.41,1.87,6,41.1,5.12,7,4,3,3
3,50,4.43,1.4340659341,2.61,1.82,13,45.3,7.37,7,3,3,3
3,50,4.76,1.234741784,2.63,2.13,0,37,6.89,6,4,3,3
3,50,3.07,1.2910447761,1.73,1.34,11,38,5.61,6,5,3,3
3,50,3.04,0.8881987578,1.43,1.61,0,36.8,3.91,7,7.5,3,2
7,51,3.18,1.025477707,1.61,1.57,7,38.7,4.4,6,7,3,1
6,50,3.5,0.5486725664,1.24,2.26,0,23.4,6.73,7,6,2,1
3,50,2.77,1.0072463768,1.39,1.38,5,34.5,4.13,6,17,3,3
3,50,2.75,1.052238806,1.41,1.34,0,25.9,5.09,6,3.5,2,2
29,52,3.44,0.9770114943,1.7,1.74,0,25.3,5,6,41,3,3
5,50,3.3,1.0625,1.7,1.6,0,22.9,8.08,7,12,3,3
7,51,3.81,1.0706521739,1.97,1.84,10,31.9,6.72,6,11,3,2
9,49,4.67,1.4196891192,2.74,1.93,7,42.1,4.93,6,9,3,1
3,50,2.87,1.0797101449,1.49,1.38,0,41.9,5.45,6,3,3,2
5,50,1.94,1.7714285714,1.24,0.7,0,37.4,5.56,7,11.3333333333,3,3
NA,NA,NA,NA,NA,NA,NA,NA,NA,NA,NA,0,0
3,50,2.89,1.8058252427,1.86,1.03,0,47.6,5.23,6,3,3,1
5,50,3.95,1.1351351351,2.1,1.85,4,29,8.79,6,5.3333333333,3,3
2,50,3.42,1.0853658537,1.78,1.64,4,38.8,6.5,6,2,2,1
3,50,3.61,1.0395480226,1.84,1.77,6,36.5,5.45,7,3,2,2
NA,NA,NA,NA,NA,NA,NA,NA,NA,NA,NA,3,0
7,51,3.47,1.3767123288,2.01,1.46,32,33.8,5.05,6,12,3,2
3,50,3.36,1.1818181818,1.82,1.54,0,34.1,6.19,6,19,3,2
4,50,3.78,1.4230769231,2.22,1.56,0,43.8,5.56,7,7.6666666667,3,3
5,50,1.04,2.7142857143,0.76,0.28,0,35.9,3.58,6,5,3,2
NA,NA,NA,NA,NA,NA,NA,NA,NA,NA,NA,3,0
3,50,0.1,0.6666666667,0.04,0.06,NA,NA,NA,NA,5.6666666667,3,3
5,50,3.25,1.519379845,1.96,1.29,9,43.7,6.46,6,22.5,3,2
3,50,3.77,0.8212560386,1.7,2.07,0,36.6,7.45,6,8.5,3,2
3,50,3.52,1.5507246377,2.14,1.38,0,51.9,5.26,7,4.5,3,2
3,50,3.13,1.7456140351,1.99,1.14,0,43.5,4.46,6,7.6666666667,3,3
8,50,3.58,1.1437125749,1.91,1.67,8,27.5,4.89,6,9.5,3,2
16,49,3.02,0.9113924051,1.44,1.58,13,28,7,8,17.6666666667,3,3
3,50,2.65,1.3245614035,1.51,1.14,0,42.8,4.29,7,4,3,3
3,50,3.42,1.2953020134,1.93,1.49,0,39,5.63,7,3.6666666667,3,3
19,49,3.47,1.8442622951,2.25,1.22,0,34.4,7,7,19,3,1
2,50,4.13,1.0547263682,2.12,2.01,0,44.6,6.49,6,2.5,3,2
12,49,5.36,1.2148760331,2.94,2.42,28,35.9,6.51,6,16,3,3
7,51,3.73,1.7226277372,2.36,1.37,23,46.5,5.01,6,13.3333333333,3,3
4,50,3.76,0.898989899,1.78,1.98,0,20.9,8.56,8,13.3333333333,3,3
NA,NA,NA,NA,NA,NA,NA,NA,NA,NA,NA,3,0
3,50,4.36,1.6748466258,2.73,1.63,0,44.1,5.06,7,4.6666666667,3,3
3,50,3.65,0.9414893617,1.77,1.88,0,34.4,5.07,6,3.6666666667,3,3
5,50,3.41,1.4532374101,2.02,1.39,7,33,4.17,6,8,4,2
12,49,3.56,0.547826087,1.26,2.3,0,11.6,9.94,7,15.6666666667,3,3
3,50,2.98,1.328125,1.7,1.28,9,36.6,4.41,6,3,3,1
3,50,3.11,1.1901408451,1.69,1.42,1,35.9,4.57,6,3,3,2
17,51,5.06,1.3755868545,2.93,2.13,4,37.6,8,5,18.5,3,2
NA,NA,NA,NA,NA,NA,NA,NA,NA,NA,NA,3,0
NA,NA,NA,NA,NA,NA,NA,NA,NA,NA,NA,3,0
3,50,3.76,1.2926829268,2.12,1.64,0,46.6,4.54,6,3,1,1
3,50,3.8,1.2093023256,2.08,1.72,0,36.1,5.87,7,7.3333333333,3,3
3,50,3.35,1.09375,1.75,1.6,0,18.5,6.77,6,5,3,3
5,50,4.04,1.2696629213,2.26,1.78,9,37.9,5.55,6,5.5,3,2
4,50,3.69,0.9732620321,1.82,1.87,3,25.1,6.97,7,5,3,2
3,50,3.87,1.0261780105,1.96,1.91,4,32.7,6.34,6,4.3333333333,3,3
6,50,3.78,1.3190184049,2.15,1.63,6,35.7,5.97,6,6,2,1
37,50,3.25,0.9230769231,1.56,1.69,0,23.1,3.85,6,37,3,1
8,50,3.43,1.1042944785,1.8,1.63,0,26.8,6.84,7,10,3,2
NA,NA,NA,NA,NA,NA,NA,NA,NA,NA,NA,3,0
9,49,3.55,1.4149659864,2.08,1.47,14,38.7,4.64,7,13,3,2
4,50,3.87,1.9097744361,2.54,1.33,2,48.8,5.5,7,19.5,3,2
6,50,3.19,1.75,2.03,1.16,0,47.5,4.57,6,6,2,1
4,50,1.36,1.3050847458,0.77,0.59,0,25.6,6.93,6,10,3,3
4,50,2.94,1.1459854015,1.57,1.37,0,43.2,5.17,7,14.6666666667,3,3
18,50,2.7,2.1395348837,1.84,0.86,0,34,7.9,6,19,3,3
18,50,3.05,1.0469798658,1.56,1.49,0,16.1,7.5,7,21.6666666667,3,3
4,50,3.75,0.9736842105,1.85,1.9,11,47.1,4.11,7,12.3333333333,3,3
3,50,3.44,0.9111111111,1.64,1.8,0,27.8,5.39,6,9.5,3,2
3,50,2.49,1.0080645161,1.25,1.24,0,25,4.46,7,3.5,3,2
42,59,2.49,1.2432432432,1.38,1.11,0,22.5,5.5,6,42,3,1
4,50,3.77,1.1791907514,2.04,1.73,15,44.5,4.89,7,5,3,2
3,50,3.78,1.4545454545,2.24,1.54,7,46.5,5.75,7,3,3,1
4,50,3.14,1.2428571429,1.74,1.4,2,30.9,6.49,6,8.5,3,2
4,50,4.06,1.7248322148,2.57,1.49,0,50.9,4.32,7,5,3,2
3,50,3.58,1.1058823529,1.88,1.7,0,21.2,10.44,6,9,3,3
8,50,0.31,0.8235294118,0.14,0.17,9,12.2,3.53,3,8,3,1
3,50,3.44,1.0235294118,1.74,1.7,0,37.3,5.23,7,6,3,3
4,50,3.38,0.8172043011,1.52,1.86,0,20.7,7.73,7,11.3333333333,3,3
4,50,4.22,1.256684492,2.35,1.87,6,28.6,8.58,7,23.3333333333,3,3
NA,NA,NA,NA,NA,NA,NA,NA,NA,NA,NA,1,0
18,50,3.26,1.2482758621,1.81,1.45,0,17.8,9,6,27.6666666667,3,3
6,50,2.82,1.0287769784,1.43,1.39,25,30.6,6.2,6,6,3,1
4,50,1.48,1.2769230769,0.83,0.65,0,16.1,9.7,8,5,3,3
6,50,4.2,1.1761658031,2.27,1.93,18,31.2,7.94,6,12.5,3,2
3,50,3.14,1.0258064516,1.59,1.55,0,29,6.49,6,3,3,1
3,50,0.74,0.85,0.34,0.4,0,7.9,4.78,9,12,3,3
4,50,3.14,1.453125,1.86,1.28,16,44,4.88,7,6,3,3
17,51,2.94,1.5565217391,1.79,1.15,0,20.1,8.9,6,21,3,2
5,50,3.39,1.306122449,1.92,1.47,0,39.4,4.77,7,13.3333333333,3,3
4,50,3.84,1.2588235294,2.14,1.7,2,38.7,6.88,8,4.5,3,2
3,50,4.04,0.8447488584,1.85,2.19,11,26.8,6.91,6,5.5,3,2
13,50,3.86,0.9593908629,1.89,1.97,0,20.6,9.8,6,13,3,1
4,50,0.49,0.96,0.24,0.25,0,15.3,5.47,8,5,3,3
16,49,3.6,1.0338983051,1.83,1.77,11,28.8,5.5,5,16,3,1
5,50,3.7,1.4832214765,2.21,1.49,7,35.6,6.95,7,5.3333333333,3,3
7,49,3.24,1.25,1.8,1.44,0,35.3,5.98,7,7,3,1
3,50,3.83,1.4394904459,2.26,1.57,0,47.2,3.89,6,4.5,3,2
4,50,3.29,1.3169014085,1.87,1.42,5,49.3,4.43,6,4,3,1
4,50,4.73,1.3300492611,2.7,2.03,14,36.8,6.64,6,6,4,2
36,50,1.79,0.7549019608,0.77,1.02,0,19.3,3.9,6,36,3,1
3,50,3.74,1.161849711,2.01,1.73,8,33.3,6.46,6,3.5,3,2
3,50,3.74,0.9581151832,1.83,1.91,0,34.2,5.57,7,12,3,3
NA,NA,NA,NA,NA,NA,NA,NA,NA,NA,NA,3,0
4,50,1.42,0.9452054795,0.69,0.73,0,22.5,3.88,6,10,3,2
17,51,3.78,1.347826087,2.17,1.61,0,33.1,6.9,6,18.3333333333,3,3
8,50,4.72,1.1552511416,2.53,2.19,2,50.1,5.12,6,8.5,3,2
4,50,1.51,0.8641975309,0.7,0.81,0,23.6,4.48,7,4,2,1
18,50,3.5,1.380952381,2.03,1.47,12,31.8,7.2,5,18,3,1
30,51,3.16,1.1944444444,1.72,1.44,25,28.6,3.8,5,30,3,1
13,50,3.62,1.6814814815,2.27,1.35,2,40.3,6.4,6,13,3,1
2,50,3.89,1.9923076923,2.59,1.3,9,36.8,7.15,7,2.3333333333,3,3
3,50,3.14,1.7543859649,2,1.14,5,50.5,3.93,6,4,3,2
NA,NA,NA,NA,NA,NA,NA,NA,NA,NA,NA,1,0
4,50,4.29,1.3701657459,2.48,1.81,12,34.1,5.73,6,4.5,3,2
3,50,3.37,0.8021390374,1.5,1.87,0,31.8,6.65,7,3,3,1
2,50,3.53,1.2341772152,1.95,1.58,7,34.6,5.21,6,4,2,2
5,50,1.84,1.6666666667,1.15,0.69,16,36.2,5.52,7,12,3,2
5,50,4.06,1.4023668639,2.37,1.69,0,45.5,5.27,7,7.6666666667,3,3
NA,NA,NA,NA,NA,NA,NA,NA,NA,NA,NA,3,0
3,50,4.21,1.4195402299,2.47,1.74,0,47.1,5.43,7,3.3333333333,3,3
4,50,3.47,0.8457446809,1.59,1.88,0,20,8.09,9,11.3333333333,3,3
NA,NA,NA,NA,NA,NA,NA,NA,NA,NA,NA,2,0
5,50,4.73,2.091503268,3.2,1.53,6,64.2,6.17,6,26,3,2
21,51,3.73,0.9528795812,1.82,1.91,9,28.8,5,6,27,3,2
NA,NA,NA,NA,NA,NA,NA,NA,NA,NA,NA,2,0
7,49,4.29,0.8652173913,1.99,2.3,39,32,7.45,7,13.6666666667,3,3
19,49,1.84,1.7462686567,1.17,0.67,0,23.5,6.7,6,29,3,2
2,50,2.81,1.0970149254,1.47,1.34,0,25,4.74,6,2.6666666667,3,3
5,50,3.56,0.9347826087,1.72,1.84,8,29.8,6.45,7,9.6666666667,3,3
3,50,3.31,1.06875,1.71,1.6,0,30.9,6.16,7,7.5,3,2
6,50,5.07,1.2043478261,2.77,2.3,16,NA,8.79,6,12.5,2,2
16,49,3.34,1.5112781955,2.01,1.33,0,34,5.2,6,16,3,1
3,50,5.39,1.5186915888,3.25,2.14,0,37.7,6.71,7,3.6666666667,3,3
4,50,4.57,1.7202380952,2.89,1.68,4,73.4,5.38,7,5.3333333333,3,3
4,50,4.41,1.0801886792,2.29,2.12,11,32.5,7.81,7,4.5,3,2
3,50,5.38,1.1264822134,2.85,2.53,14,32.3,8.73,7,3,3,1
13,50,4.45,1.1921182266,2.42,2.03,21,33.7,6.7,6,16.5,3,2
4,50,4.75,1.6098901099,2.93,1.82,2,36.9,7.15,6,11.5,2,2
4,50,4.44,0.9137931034,2.12,2.32,18,28.7,8.11,7,5,3,3
3,50,3.31,0.7513227513,1.42,1.89,0,11,9.78,8,6.5,2,2
19,49,4.75,1.8106508876,3.06,1.69,0,28.6,9.1,7,19,3,1
NA,NA,NA,NA,NA,NA,NA,NA,NA,NA,NA,3,0
4,50,3.66,2.3577981651,2.57,1.09,6,59.6,5.05,6,4,1,1
3,50,5.1,1.2368421053,2.82,2.28,0,52.1,4.58,7,3.5,3,2
3,50,4.76,1.6592178771,2.97,1.79,0,48.1,5.79,7,3,3,3
3,50,3.59,1.3012820513,2.03,1.56,0,33.3,7.77,7,8,3,2
3,50,3.64,0.7584541063,1.57,2.07,0,24.1,7.11,6,4.5,2,2
6,50,3.15,1.1575342466,1.69,1.46,1,43.2,5.53,6,21.3333333333,3,3
NA,NA,NA,NA,NA,NA,NA,NA,NA,NA,NA,3,0
3,50,2.91,1.0068965517,1.46,1.45,0,27.9,6.42,6,3.5,3,2
18,50,3.07,1.7410714286,1.95,1.12,0,34.2,6,7,19,3,2
14,51,4.76,1.391959799,2.77,1.99,0,36.9,8.3,5,15,3,2
3,50,2.01,1.421686747,1.18,0.83,0,22.8,5.94,7,3,3,1
15,50,3.86,0.9693877551,1.9,1.96,0,27,6.2,6,31,3,2
3,50,3.56,1.0227272727,1.8,1.76,0,28.1,7.44,6,12.6666666667,3,3
8,50,3.38,1.6825396825,2.12,1.26,11,48.7,6.02,6,8,1,1
40,61,3.68,1.1149425287,1.94,1.74,0,25,6.56,7,40,3,1
6,50,4.63,1.0307017544,2.35,2.28,0,37.1,7.66,7,6,3,2
3,50,1.92,1.7826086957,1.23,0.69,5,37.3,7.93,8,7.6666666667,3,3
5,50,4.06,1.2430939227,2.25,1.81,20,34.4,6.7,6,5,2,1
5,50,4.28,1.1188118812,2.26,2.02,0,21.5,8.75,7,18,3,3
4,50,4.37,0.7550200803,1.88,2.49,0,28.1,8.18,7,4,2,1
5,50,4.13,0.8603603604,1.91,2.22,2,31.1,6.4,7,5.5,3,2
18,50,3.77,1.8560606061,2.45,1.32,0,34.5,8.2,6,19,3,2
17,51,2.82,1.0434782609,1.44,1.38,0,22.5,7.8,6,27,3,2
4,50,3.55,0.9832402235,1.76,1.79,10,31.5,6.6,6,4,3,1
31,50,1.28,1.2456140351,0.71,0.57,0,25.8,3.55,6,37,3,2
4,50,5.8,1.156133829,3.11,2.69,16,38.7,9.12,7,4,3,1
4,50,4.13,1.5337423313,2.5,1.63,0,39.1,6.74,7,12,3,2
3,50,3.47,1.5703703704,2.12,1.35,7,44.8,7.17,6,3.5,2,2
19,49,1.11,1.4130434783,0.65,0.46,0,23.9,6.3,5,20,3,2
13,50,3.5,1.1875,1.9,1.6,0,28.5,7.1,6,19.5,3,2
NA,NA,NA,NA,NA,NA,NA,NA,NA,NA,NA,3,0
3,50,2.58,1.2631578947,1.44,1.14,0,28,6.53,7,12,3,3
7,49,3.62,1.1046511628,1.9,1.72,11,27.8,9.1,7,7,3,1
13,50,4.23,1.1044776119,2.22,2.01,4,28.1,10.1,6,13,3,1
17,51,3.7,1.1764705882,2,1.7,0,32.9,7.5,6,31,3,3
4,50,3.4,1.0731707317,1.76,1.64,20,31.2,6.58,7,5,3,2
2,50,4.99,1.4702970297,2.97,2.02,0,40.3,7.56,7,2.5,3,2
6,50,4.32,1.2383419689,2.39,1.93,9,48.2,6.41,7,6,3,1
4,50,3.73,1.6834532374,2.34,1.39,0,41.1,6.41,6,4.5,3,2
23,49,4.54,1.4945054945,2.72,1.82,10,38.8,4,6,23,3,2
6,50,3.78,1.9076923077,2.48,1.3,25,50,6.61,7,6,3,1
6,50,4.13,1.36,2.38,1.75,21,50.6,6.51,7,10,3,2
61,40,1.96,1.3058823529,1.11,0.85,0,18.3,6,4,61,2,1
4,50,3.76,1.35,2.16,1.6,23,38.2,6.72,6,4.5,2,2
4,50,4.4,1.4858757062,2.63,1.77,28,28,9.33,7,4,3,2
17,51,3.96,1.2247191011,2.18,1.78,9,34.7,7.9,5,17,3,1
4,50,3.48,1.2745098039,1.95,1.53,9,31.2,7.33,7,4.3333333333,3,3
6,50,4.2,0.6666666667,1.68,2.52,0,19.2,7.38,7,12,3,2
NA,NA,NA,NA,NA,NA,NA,NA,NA,NA,NA,3,0
3,50,2.97,1.7247706422,1.88,1.09,0,32.3,5.64,7,4,3,3
NA,NA,NA,NA,NA,NA,NA,NA,NA,NA,NA,3,0
4,50,3.61,1.615942029,2.23,1.38,1,49.2,6.59,7,4,3,1
4,50,4.21,1.4476744186,2.49,1.72,2,36.4,8.26,7,4,2,2
4,50,4.23,1.25,2.35,1.88,25,41,5.34,7,4,3,1
4,50,2.71,1.793814433,1.74,0.97,14,37.1,6.61,7,4,3,3
4,50,4.78,0.8968253968,2.26,2.52,7,38.1,8.61,7,4.3333333333,3,3
5,50,4.4,1.1674876847,2.37,2.03,6,29.3,8.5,7,5,3,1
5,50,4.02,1.3647058824,2.32,1.7,0,26,9.37,7,5,2,1
3,50,3.21,1.2605633803,1.79,1.42,0,32,7.16,7,4.6666666667,3,3
13,50,3.75,0.9329896907,1.81,1.94,0,13.9,11.3,8,13,3,2
20,49,0.09,0.5,0.03,0.06,NA,NA,NA,NA,20,3,1
3,50,3.71,1.1445086705,1.98,1.73,4,46,8.1,7,5.5,3,2
NA,NA,NA,NA,NA,NA,NA,NA,NA,NA,NA,2,0
3,50,3.47,1.2828947368,1.95,1.52,0,47,7.34,7,3.3333333333,3,3
21,51,5.06,1.1440677966,2.7,2.36,12,36.7,4,6,21,2,1
NA,NA,NA,NA,NA,NA,NA,NA,NA,NA,NA,2,0
3,50,5.48,1.2551440329,3.05,2.43,8,48.2,9.32,7,3.5,3,2
6,50,4.22,1.2688172043,2.36,1.86,0,38.1,7.41,6,9,2,2
34,67,3.9,1.0526315789,2,1.9,0,21,5,7,34,3,1
4,50,4.27,1.2356020942,2.36,1.91,11,25.5,8.11,6,4,3,2
5,50,NA,NA,0.06,NA,NA,NA,NA,NA,5.5,3,2
6,50,3.61,1.3141025641,2.05,1.56,2,26.2,8.21,7,14.5,3,2
19,49,3.59,0.9944444444,1.79,1.8,0,18.8,8.1,6,23,3,2
5,50,4.19,1.4502923977,2.48,1.71,1,40,5.47,6,5,1,1
11,50,4.04,1.2954545455,2.28,1.76,34,37.1,5.52,6,26,3,3
3,50,3.59,1.1369047619,1.91,1.68,9,36.8,5.3,7,3,3,2
4,50,4.32,1.0869565217,2.25,2.07,1,34.5,8.67,7,4,3,1
4,50,5.77,0.8144654088,2.59,3.18,0,24.1,10.49,7,7.6666666667,3,3
10,51,5,0.9607843137,2.45,2.55,0,27.2,8.36,6,10,3,1
4,50,2.32,1.606741573,1.43,0.89,0,35.3,6.97,7,5,3,2
4,50,4.83,1.0641025641,2.49,2.34,16,35.4,8.85,7,4,3,2
3,50,3.41,1.2733333333,1.91,1.5,0,32.2,6.9,7,3,3,2
